S11;S22;S33;S23;S13;S12;E11;E22;E33;E23;E13;E12;Ep11;Ep22;Ep33;Ep23;Ep13;Ep12;PEEQ;MISES;ux;uy;uz
 0.00000e+00; 0.00000e+00; 0.00000e+00; 0.00000e+00; 0.00000e+00; 0.00000e+00; 0.00000e+00; 0.00000e+00; 0.00000e+00; 0.00000e+00; 0.00000e+00; 0.00000e+00; 0.00000e+00; 0.00000e+00; 0.00000e+00; 0.00000e+00; 0.00000e+00; 0.00000e+00; 0.00000e+00; 0.00000e+00; 4.00000e-04; 0.00000e+00; 0.00000e+00
 1.30564e+01;-2.65338e-12;-2.75358e-12;-4.63726e-17;-1.90983e-16; 1.82868e-16; 9.99950e-05;-3.38815e-05;-3.48808e-05; 0.00000e+00; 0.00000e+00; 0.00000e+00; 0.00000e+00; 0.00000e+00; 0.00000e+00; 0.00000e+00; 0.00000e+00; 0.00000e+00; 0.00000e+00; 1.30564e+01; 4.00000e-04; 0.00000e+00; 0.00000e+00
 2.61115e+01;-3.70737e-12;-3.78675e-12;-6.82751e-16;-4.00343e-16;-1.32071e-16; 1.99980e-04;-6.77596e-05;-6.97580e-05; 0.00000e+00; 0.00000e+00; 0.00000e+00; 0.00000e+00; 0.00000e+00; 0.00000e+00; 0.00000e+00; 0.00000e+00; 0.00000e+00; 0.00000e+00; 2.61115e+01; 4.00000e-04; 0.00000e+00; 0.00000e+00
 3.91654e+01;-3.70731e-12;-3.78797e-12;-1.13881e-15;-8.53034e-16; 2.10806e-16; 2.99955e-04;-1.01634e-04;-1.04632e-04; 0.00000e+00; 0.00000e+00; 0.00000e+00; 0.00000e+00; 0.00000e+00; 0.00000e+00; 0.00000e+00; 0.00000e+00; 0.00000e+00; 0.00000e+00; 3.91654e+01; 4.00000e-04; 0.00000e+00; 0.00000e+00
 4.93455e+01;-7.43253e-03;-9.94371e-03;-2.60766e-03;-1.17597e-02;-1.05272e-02; 3.99920e-04;-1.38500e-04;-1.42335e-04; 8.69568e-09; 1.97614e-07; 1.52973e-07; 2.15702e-05;-1.08154e-05;-1.08156e-05; 3.70174e-08; 3.51346e-07; 2.89644e-07; 2.15921e-05; 4.93542e+01; 4.00000e-04; 0.00000e+00; 0.00000e+00
 4.93551e+01;-2.39471e-05;-2.30949e-05; 1.30220e-02;-5.89056e-02;-2.41254e-02; 4.99875e-04;-1.88684e-04;-1.92602e-04; 1.40504e-07; 1.29933e-06; 1.03542e-06; 1.21498e-04;-6.10055e-05;-6.11132e-05; 8.19126e-09; 1.92966e-06; 1.31381e-06; 1.21713e-04; 4.93552e+01; 4.00000e-04; 0.00000e+00; 0.00000e+00
 5.13945e+01;-1.86265e-09; 3.72529e-09; 2.53588e-02;-7.78600e-02;-2.96798e-02; 5.82252e-04;-2.27841e-04;-2.32076e-04; 8.67524e-08; 2.05682e-06; 1.57153e-06; 1.88256e-04;-9.48702e-05;-9.51394e-05;-1.72287e-07; 2.87855e-06; 1.90781e-06; 1.88853e-04; 5.13947e+01; 4.00000e-04; 0.00000e+00; 0.00000e+00
 5.13948e+01; 1.86265e-08; 7.45058e-09; 5.60795e-02;-1.20476e-01;-4.56283e-02; 1.00057e-03;-4.39220e-04;-4.44481e-04;-9.06728e-08; 6.58667e-06; 4.98085e-06; 6.06575e-04;-3.06249e-04;-3.07543e-04;-6.65201e-07; 7.83565e-06; 5.48334e-06; 6.09016e-04; 5.13953e+01; 4.00000e-04; 0.00000e+00; 0.00000e+00
 5.13948e+01; 0.00000e+00; 3.72529e-09; 5.78413e-02;-1.20580e-01;-5.11539e-02; 1.49995e-03;-6.89388e-04;-6.95966e-04;-1.43852e-07; 1.16688e-05; 9.26905e-06; 1.10595e-03;-5.56416e-04;-5.59029e-04;-7.36380e-07; 1.29109e-05; 9.82913e-06; 1.10916e-03; 5.13954e+01; 4.00000e-04; 0.00000e+00; 0.00000e+00
 5.20686e+01; 0.00000e+00; 1.49012e-08; 5.93774e-02;-1.19658e-01;-5.10319e-02; 1.63255e-03;-7.53429e-04;-7.60540e-04;-2.50895e-07; 1.28668e-05; 1.03184e-05; 1.23251e-03;-6.19633e-04;-6.22654e-04;-8.83346e-07; 1.42362e-05; 1.09941e-05; 1.23582e-03; 5.20692e+01; 4.00000e-04; 0.00000e+00; 0.00000e+00
 5.36978e+01;-1.86265e-09; 1.11759e-08; 6.80329e-02;-1.26091e-01;-5.30774e-02; 1.84975e-03;-8.59873e-04;-8.67856e-04;-5.08889e-07; 1.49248e-05; 1.21343e-05; 1.43723e-03;-7.21848e-04;-7.25617e-04;-1.22966e-06; 1.63546e-05; 1.28314e-05; 1.44070e-03; 5.36985e+01; 4.00000e-04; 0.00000e+00; 0.00000e+00
 5.36979e+01; 0.00000e+00; 3.72529e-09; 8.53232e-02;-1.36935e-01;-5.57556e-02; 2.24932e-03;-1.05974e-03;-1.06960e-03;-1.54193e-06; 1.89637e-05; 1.56721e-05; 1.83680e-03;-9.21720e-04;-9.27366e-04;-2.43750e-06; 2.04922e-05; 1.63971e-05; 1.84097e-03; 5.36987e+01; 4.00000e-04; 0.00000e+00; 0.00000e+00
 5.45118e+01;-1.11759e-08; 7.45058e-09; 8.50671e-02;-1.34871e-01;-5.86548e-02; 2.65458e-03;-1.25995e-03;-1.27180e-03;-2.51288e-06; 2.28205e-05; 1.93806e-05; 2.23582e-03;-1.11981e-03;-1.12739e-03;-3.40255e-06; 2.43152e-05; 2.01358e-05; 2.23970e-03; 5.45126e+01; 4.00000e-04; 0.00000e+00; 0.00000e+00
 5.57327e+01; 0.00000e+00; 0.00000e+00; 9.81330e-02;-1.43099e-01;-5.89925e-02; 2.77788e-03;-1.32006e-03;-1.33276e-03;-3.06555e-06; 2.39725e-05; 2.04121e-05; 2.34977e-03;-1.17675e-03;-1.18509e-03;-4.08739e-06; 2.55462e-05; 2.11708e-05; 2.35388e-03; 5.57336e+01; 4.00000e-04; 0.00000e+00; 0.00000e+00
 5.57328e+01; 1.30385e-08;-7.45058e-09; 1.12468e-01;-1.50890e-01;-6.18024e-02; 3.24765e-03;-1.55366e-03;-1.56949e-03;-5.25869e-06; 2.85475e-05; 2.47953e-05; 2.81954e-03;-1.41035e-03;-1.42181e-03;-6.41865e-06; 3.01809e-05; 2.55834e-05; 2.82386e-03; 5.57338e+01; 4.00000e-04; 0.00000e+00; 0.00000e+00
 5.59363e+01;-1.81068e-01;-1.82067e-01; 7.20288e-02;-1.08687e-01;-6.91713e-02; 3.72100e-03;-1.77442e-03;-1.79360e-03;-6.88799e-06; 3.22777e-05; 2.91582e-05; 3.28211e-03;-1.63818e-03;-1.65251e-03;-8.21419e-06; 3.46802e-05; 3.14175e-05; 3.28510e-03; 5.61184e+01; 4.00000e-04; 0.00000e+00; 0.00000e+00
 5.65656e+01;-7.45058e-09; 1.49012e-08; 1.06194e-01;-1.30293e-01;-6.02274e-02; 3.98015e-03;-1.89641e-03;-1.91760e-03;-7.98986e-06; 3.44880e-05; 3.16985e-05; 3.53468e-03;-1.76222e-03;-1.77842e-03;-9.88299e-06; 3.74693e-05; 3.42987e-05; 3.53681e-03; 5.65665e+01; 4.00000e-04; 0.00000e+00; 0.00000e+00
 5.74410e+01; 5.49857e-02; 5.79222e-02; 1.18991e-01;-1.51683e-01;-5.52482e-02; 4.41563e-03;-2.09645e-03;-2.12125e-03;-1.00103e-05; 3.77724e-05; 3.59553e-05; 3.95568e-03;-1.96849e-03;-1.98794e-03;-1.27169e-05; 4.20551e-05; 3.97763e-05; 3.95609e-03; 5.73856e+01; 4.00000e-04; 0.00000e+00; 0.00000e+00
 5.80768e+01;-7.45058e-08;-3.35276e-08; 1.28733e-01;-1.61426e-01;-6.59220e-02; 4.68005e-03;-2.22187e-03;-2.24912e-03;-1.17579e-05; 3.97980e-05; 3.83864e-05; 4.21260e-03;-2.09434e-03;-2.11612e-03;-1.48603e-05; 4.44369e-05; 4.25522e-05; 4.21207e-03; 5.80780e+01; 4.00000e-04; 0.00000e+00; 0.00000e+00
 5.94683e+01;-2.08616e-07; 4.47035e-08; 1.54357e-01;-1.47011e-01;-5.55383e-02; 5.12785e-03;-2.42708e-03;-2.45866e-03;-1.41659e-05; 4.33189e-05; 4.30970e-05; 4.64158e-03;-2.30420e-03;-2.33005e-03;-1.84393e-05; 4.89134e-05; 4.84878e-05; 4.63934e-03; 5.94695e+01; 4.00000e-04; 0.00000e+00; 0.00000e+00
 6.03456e+01; 1.18097e-01; 1.19795e-01; 1.16347e-01;-1.40938e-01;-8.06231e-02; 5.60030e-03;-2.64570e-03;-2.68212e-03;-1.73728e-05; 4.68864e-05; 4.78498e-05; 5.10107e-03;-2.52810e-03;-2.55858e-03;-2.21788e-05; 5.33410e-05; 5.47267e-05; 5.09652e-03; 6.02277e+01; 4.00000e-04; 0.00000e+00; 0.00000e+00
 6.18533e+01;-1.37091e-06;-1.19209e-06; 1.54206e-01;-1.64611e-01;-8.65623e-02; 5.87994e-03;-2.77838e-03;-2.81797e-03;-1.97807e-05; 4.90732e-05; 5.05760e-05; 5.36723e-03;-2.65758e-03;-2.69112e-03;-2.51405e-05; 5.58815e-05; 5.75929e-05; 5.36131e-03; 6.18547e+01; 4.00000e-04; 0.00000e+00; 0.00000e+00
 6.18541e+01; 2.98023e-08;-1.49012e-08; 1.90158e-01;-1.88578e-01;-8.35160e-02; 6.20648e-03;-2.93794e-03;-2.98182e-03;-2.33953e-05; 5.18566e-05; 5.39258e-05; 5.69376e-03;-2.81714e-03;-2.85496e-03;-2.90937e-05; 5.88835e-05; 6.09110e-05; 5.68683e-03; 6.18560e+01; 4.00000e-04; 0.00000e+00; 0.00000e+00
 6.18807e+01; 6.83926e-02; 6.64750e-02; 1.96141e-01;-1.92308e-01;-8.40246e-02; 6.70326e-03;-3.17705e-03;-3.22736e-03;-2.85198e-05; 5.56673e-05; 5.92361e-05; 6.18953e-03;-3.05766e-03;-3.10195e-03;-3.43871e-05; 6.28151e-05; 6.63581e-05; 6.17989e-03; 6.18153e+01; 4.00000e-04; 0.00000e+00; 0.00000e+00
 6.26119e+01; 0.00000e+00; 1.49012e-08; 1.93038e-01;-1.91913e-01;-8.43621e-02; 6.83518e-03;-3.23889e-03;-3.29097e-03;-2.99046e-05; 5.65738e-05; 6.05215e-05; 6.31454e-03;-3.11822e-03;-3.16425e-03;-3.59297e-05; 6.38497e-05; 6.77352e-05; 6.30419e-03; 6.26139e+01; 4.00000e-04; 0.00000e+00; 0.00000e+00
 6.46955e+01;-2.98023e-08;-2.98023e-08; 2.15058e-01;-1.89460e-01;-6.92726e-02; 7.10711e-03;-3.36670e-03;-3.42246e-03;-3.25202e-05; 5.85385e-05; 6.35319e-05; 6.56960e-03;-3.24150e-03;-3.29109e-03;-3.88434e-05; 6.58856e-05; 7.07588e-05; 6.55763e-03; 6.46975e+01; 4.00000e-04; 0.00000e+00; 0.00000e+00
 6.46961e+01;-1.19209e-07; 0.00000e+00; 2.41139e-01;-2.04568e-01;-6.52719e-02; 7.29122e-03;-3.45654e-03;-3.51529e-03;-3.49515e-05; 6.00512e-05; 6.56766e-05; 6.75372e-03;-3.33134e-03;-3.38392e-03;-4.15177e-05; 6.75356e-05; 7.28618e-05; 6.74128e-03; 6.46985e+01; 4.00000e-04; 0.00000e+00; 0.00000e+00
 6.46975e+01; 0.00000e+00;-5.96046e-08; 2.57746e-01;-2.12946e-01;-6.22355e-02; 7.78747e-03;-3.69746e-03;-3.76421e-03;-4.13251e-05; 6.38920e-05; 7.16315e-05; 7.24995e-03;-3.57225e-03;-3.63283e-03;-4.79936e-05; 7.14197e-05; 7.87851e-05; 7.23543e-03; 6.47002e+01; 4.00000e-04; 0.00000e+00; 0.00000e+00
 6.50069e+01;-8.24130e-02;-8.35975e-02; 2.18655e-01;-1.84040e-01;-6.26114e-02; 8.28347e-03;-3.92748e-03;-4.00175e-03;-4.68102e-05; 6.69479e-05; 7.76629e-05; 7.73719e-03;-3.80691e-03;-3.87522e-03;-5.41849e-05; 7.49055e-05; 8.57917e-05; 7.71932e-03; 6.50919e+01; 4.00000e-04; 0.00000e+00; 0.00000e+00
 6.67073e+01; 5.96046e-08; 1.19209e-07; 2.53578e-01;-2.04896e-01;-6.39916e-02; 8.48335e-03;-4.02182e-03;-4.09949e-03;-4.93952e-05; 6.83384e-05; 8.00054e-05; 7.92448e-03;-3.89725e-03;-3.96885e-03;-5.70978e-05; 7.64903e-05; 8.81486e-05; 7.90553e-03; 6.67098e+01; 4.00000e-04; 0.00000e+00; 0.00000e+00
 6.67091e+01;-5.96046e-08;-5.96046e-08; 2.86599e-01;-2.24951e-01;-6.24933e-02; 8.93757e-03;-4.24119e-03;-4.32723e-03;-5.60213e-05; 7.15929e-05; 8.57120e-05; 8.37870e-03;-4.11662e-03;-4.19659e-03;-6.39810e-05; 7.99070e-05; 9.38397e-05; 8.35743e-03; 6.67122e+01; 4.00000e-04; 0.00000e+00; 0.00000e+00
 6.83275e+01;-1.16229e-06;-8.34465e-07; 2.90761e-01;-2.26355e-01;-6.11878e-02; 9.26582e-03;-4.39716e-03;-4.48916e-03;-6.05354e-05; 7.37040e-05; 8.98140e-05; 8.69455e-03;-4.26838e-03;-4.35418e-03;-6.84793e-05; 8.20047e-05; 9.79280e-05; 8.67117e-03; 6.83305e+01; 4.00000e-04; 0.00000e+00; 0.00000e+00
 6.83294e+01; 1.19209e-07; 0.00000e+00; 3.14599e-01;-2.38619e-01;-5.85886e-02; 9.59126e-03;-4.55441e-03;-4.65300e-03;-6.56967e-05; 7.58943e-05; 9.40286e-05; 9.01997e-03;-4.42563e-03;-4.51803e-03;-7.38162e-05; 8.42894e-05; 1.02116e-04; 8.99519e-03; 6.83329e+01; 4.00000e-04; 0.00000e+00; 0.00000e+00
 0.00000e+00; 0.00000e+00; 0.00000e+00; 0.00000e+00; 0.00000e+00; 0.00000e+00; 0.00000e+00; 0.00000e+00; 0.00000e+00; 0.00000e+00; 0.00000e+00; 0.00000e+00; 0.00000e+00; 0.00000e+00; 0.00000e+00; 0.00000e+00; 0.00000e+00; 0.00000e+00; 0.00000e+00; 0.00000e+00; 0.00000e+00; 4.00000e-04; 0.00000e+00
-2.68513e-12; 1.32765e+01;-2.62146e-12; 3.14303e-16;-6.80213e-17;-2.51444e-16;-3.44526e-05; 9.99950e-05;-3.37888e-05; 0.00000e+00; 0.00000e+00; 0.00000e+00; 0.00000e+00; 0.00000e+00; 0.00000e+00; 0.00000e+00; 0.00000e+00; 0.00000e+00; 0.00000e+00; 1.32765e+01; 0.00000e+00; 4.00000e-04; 0.00000e+00
-3.70820e-12; 2.65516e+01;-3.65719e-12; 7.36775e-16; 1.02032e-16;-4.14004e-16;-6.89017e-05; 1.99980e-04;-6.75743e-05; 0.00000e+00; 0.00000e+00; 0.00000e+00; 0.00000e+00; 0.00000e+00; 0.00000e+00; 0.00000e+00; 0.00000e+00; 0.00000e+00; 0.00000e+00; 2.65516e+01; 0.00000e+00; 4.00000e-04; 0.00000e+00
-3.70282e-12; 3.98255e+01;-3.65541e-12; 9.22283e-16;-6.54051e-17;-4.74969e-16;-1.03347e-04; 2.99955e-04;-1.01356e-04; 0.00000e+00; 0.00000e+00; 0.00000e+00; 0.00000e+00; 0.00000e+00; 0.00000e+00; 0.00000e+00; 0.00000e+00; 0.00000e+00; 0.00000e+00; 3.98255e+01; 0.00000e+00; 4.00000e-04; 0.00000e+00
-8.63308e-02; 4.96590e+01;-8.86059e-02; 2.92745e-02;-1.25210e-02;-3.57059e-02;-1.41621e-04; 3.99920e-04;-1.38727e-04;-2.27374e-07; 1.42394e-07; 4.96342e-07;-1.29192e-05; 2.48864e-05;-1.24443e-05;-5.74544e-07; 2.98182e-07; 9.69730e-07; 2.50570e-05; 4.97465e+01; 0.00000e+00; 4.00000e-04; 0.00000e+00
-2.22232e-05; 4.97532e+01;-2.03997e-05; 1.00070e-01;-1.98203e-02;-1.47024e-01;-1.93306e-04; 4.99875e-04;-1.88611e-04;-1.27958e-06; 8.37144e-07; 2.78615e-06;-6.47842e-05; 1.24581e-04;-6.25313e-05;-2.35376e-06; 1.06679e-06; 4.41886e-06; 1.25541e-04; 4.97542e+01; 0.00000e+00; 4.00000e-04; 0.00000e+00
 0.00000e+00; 5.18277e+01;-7.45058e-09; 1.23706e-01;-2.42459e-02;-1.88079e-01;-2.33748e-04; 5.82252e-04;-2.27806e-04;-1.77856e-06; 1.27958e-06; 4.34804e-06;-9.98435e-05; 1.91334e-04;-9.64467e-05;-3.09534e-06; 1.55401e-06; 6.40786e-06; 1.93056e-04; 5.18292e+01; 0.00000e+00; 4.00000e-04; 0.00000e+00
-1.86265e-08; 5.18291e+01;-1.49012e-08; 1.90542e-01;-3.37346e-02;-2.92410e-01;-4.52599e-04; 1.00057e-03;-4.39504e-04;-4.63158e-06; 3.90158e-06; 1.38413e-05;-3.18690e-04; 6.09644e-04;-3.08142e-04;-6.63259e-06; 4.27204e-06; 1.69803e-05; 6.15552e-04; 5.18327e+01; 0.00000e+00; 4.00000e-04; 0.00000e+00
 7.45058e-09; 5.18292e+01; 0.00000e+00; 2.01521e-01;-3.44547e-02;-3.04688e-01;-7.11648e-04; 1.49995e-03;-6.90221e-04;-7.72162e-06; 6.84192e-06; 2.48404e-05;-5.77739e-04; 1.10902e-03;-5.58859e-04;-9.83058e-06; 7.21975e-06; 2.80905e-05; 1.11848e-03; 5.18331e+01; 0.00000e+00; 4.00000e-04; 0.00000e+00
-3.72529e-09; 5.25750e+01;-1.49012e-08; 1.94430e-01;-3.47249e-02;-3.00265e-01;-7.77661e-04; 1.63255e-03;-7.54246e-04;-8.38975e-06; 7.57249e-06; 2.74858e-05;-6.42895e-04; 1.23497e-03;-6.21996e-04;-1.05739e-05; 8.02239e-06; 3.10307e-05; 1.24524e-03; 5.25787e+01; 0.00000e+00; 4.00000e-04; 0.00000e+00
 3.72529e-09; 5.42317e+01;-1.49012e-08; 1.95170e-01;-3.62967e-02;-3.10861e-01;-8.87819e-04; 1.84975e-03;-8.61135e-04;-9.40793e-06; 8.80189e-06; 3.21047e-05;-7.48754e-04; 1.43969e-03;-7.24669e-04;-1.15974e-05; 9.26774e-06; 3.57496e-05; 1.45126e-03; 5.42354e+01; 0.00000e+00; 4.00000e-04; 0.00000e+00
-5.58794e-09; 5.42318e+01;-2.23517e-08; 1.91246e-01;-3.90768e-02;-3.23781e-01;-1.09472e-03; 2.24932e-03;-1.06220e-03;-1.08438e-05; 1.12864e-05; 4.14103e-05;-9.55654e-04; 1.83926e-03;-9.25733e-04;-1.29889e-05; 1.17805e-05; 4.51644e-05; 1.85370e-03; 5.42357e+01; 0.00000e+00; 4.00000e-04; 0.00000e+00
-6.70552e-07; 5.58871e+01;-6.55651e-07; 1.91013e-01;-3.93034e-02;-3.23680e-01;-1.30409e-03; 2.66081e-03;-1.26583e-03;-1.22113e-05; 1.36981e-05; 5.06377e-05;-1.16073e-03; 2.23828e-03;-1.12515e-03;-1.43494e-05; 1.41945e-05; 5.43602e-05; 2.25460e-03; 5.58909e+01; 0.00000e+00; 4.00000e-04; 0.00000e+00
 4.19095e-09; 5.58872e+01; 0.00000e+00; 1.84088e-01;-4.20907e-02;-3.33895e-01;-1.43114e-03; 2.90739e-03;-1.38970e-03;-1.26055e-05; 1.52657e-05; 5.65928e-05;-1.28778e-03; 2.48486e-03;-1.24902e-03;-1.46708e-05; 1.57904e-05; 6.03991e-05; 2.50267e-03; 5.58912e+01; 0.00000e+00; 4.00000e-04; 0.00000e+00
 0.00000e+00; 5.58874e+01; 0.00000e+00; 1.82209e-01;-4.32016e-02;-3.35418e-01;-1.68623e-03; 3.40581e-03;-1.63853e-03;-1.33241e-05; 1.83505e-05; 6.85577e-05;-1.54287e-03; 2.98328e-03;-1.49785e-03;-1.53668e-05; 1.88866e-05; 7.23277e-05; 3.00299e-03; 5.58914e+01; 0.00000e+00; 4.00000e-04; 0.00000e+00
-2.23517e-08; 5.75416e+01;-4.47035e-08; 1.76452e-01;-4.54000e-02;-3.42991e-01;-1.76841e-03; 3.57008e-03;-1.71892e-03;-1.32483e-05; 1.93341e-05; 7.23569e-05;-1.62076e-03; 3.13510e-03;-1.57404e-03;-1.52322e-05; 1.98925e-05; 7.61874e-05; 3.15557e-03; 5.75455e+01; 0.00000e+00; 4.00000e-04; 0.00000e+00
-7.45058e-09; 5.75420e+01;-2.98023e-08; 1.72653e-01;-4.76550e-02;-3.47477e-01;-2.01994e-03; 4.06312e-03;-1.96505e-03;-1.29271e-05; 2.24519e-05; 8.46310e-05;-1.87228e-03; 3.62813e-03;-1.82016e-03;-1.48735e-05; 2.30332e-05; 8.84429e-05; 3.65021e-03; 5.75460e+01; 0.00000e+00; 4.00000e-04; 0.00000e+00
-1.49012e-08; 5.91949e+01; 0.00000e+00; 1.70610e-01;-4.88620e-02;-3.49781e-01;-2.14897e-03; 4.32141e-03;-2.09144e-03;-1.26313e-05; 2.39794e-05; 9.07651e-05;-1.99703e-03; 3.87397e-03;-1.94235e-03;-1.45585e-05; 2.45729e-05; 9.45649e-05; 3.89644e-03; 5.91988e+01; 0.00000e+00; 4.00000e-04; 0.00000e+00
 0.00000e+00; 5.91956e+01; 2.98023e-08; 1.63179e-01;-5.25886e-02;-3.59109e-01;-2.35151e-03; 4.71999e-03;-2.29028e-03;-1.14712e-05; 2.65271e-05; 1.01026e-04;-2.19956e-03; 4.27255e-03;-2.14119e-03;-1.33292e-05; 2.71585e-05; 1.04858e-04; 4.29600e-03; 5.91996e+01; 0.00000e+00; 4.00000e-04; 0.00000e+00
-6.03350e-02; 5.99336e+01;-5.75633e-02; 1.75819e-01;-4.19123e-02;-3.17923e-01;-2.54699e-03; 5.11803e-03;-2.48224e-03;-1.02714e-05; 2.89571e-05; 1.10542e-04;-2.39594e-03; 4.66166e-03;-2.33404e-03;-1.23306e-05; 2.98340e-05; 1.14973e-04; 4.68519e-03; 5.99959e+01; 0.00000e+00; 4.00000e-04; 0.00000e+00
 1.90611e-01; 6.01452e+01; 1.95106e-01; 1.47604e-01;-5.52524e-02;-3.30039e-01;-2.75209e-03; 5.54077e-03;-2.68387e-03;-9.13056e-06; 3.16021e-05; 1.20490e-04;-2.60612e-03; 5.07983e-03;-2.54062e-03;-1.12002e-05; 3.32072e-05; 1.26785e-04; 5.10293e-03; 5.99557e+01; 0.00000e+00; 4.00000e-04; 0.00000e+00
 1.86265e-08; 6.10924e+01; 7.45058e-09; 1.43081e-01;-6.27454e-02;-3.66193e-01;-2.97065e-03; 5.98818e-03;-2.89929e-03;-6.96385e-06; 3.42747e-05; 1.31400e-04;-2.82484e-03; 5.51560e-03;-2.75617e-03;-9.14364e-06; 3.63426e-05; 1.39308e-04; 5.53826e-03; 6.10962e+01; 0.00000e+00; 4.00000e-04; 0.00000e+00
 6.36802e-02; 6.18570e+01; 6.61910e-02; 1.39169e-01;-6.47633e-02;-3.49107e-01;-3.17718e-03; 6.43540e-03;-3.10274e-03;-5.06856e-06; 3.71105e-05; 1.41127e-04;-3.04020e-03; 5.94701e-03;-2.96839e-03;-7.49438e-06; 4.04609e-05; 1.52863e-04; 5.96845e-03; 6.17956e+01; 0.00000e+00; 4.00000e-04; 0.00000e+00
-6.09215e-02; 6.25336e+01;-6.26591e-02; 9.66190e-02;-5.99292e-02;-3.84104e-01;-3.40395e-03; 6.93206e-03;-3.32624e-03;-3.18519e-06; 4.02439e-05; 1.51536e-04;-3.27784e-03; 6.42470e-03;-3.20287e-03;-4.83617e-06; 4.47217e-05; 1.68382e-04; 6.44435e-03; 6.25993e+01; 0.00000e+00; 4.00000e-04; 0.00000e+00
-7.29688e-02; 6.38274e+01;-7.85309e-02; 1.56916e-01;-9.15803e-02;-2.81183e-01;-3.62611e-03; 7.42849e-03;-3.54564e-03;-5.83644e-07; 4.33629e-05; 1.62468e-04;-3.51168e-03; 6.89619e-03;-3.43414e-03;-2.45459e-06; 5.00291e-05; 1.84376e-04; 6.91380e-03; 6.39058e+01; 0.00000e+00; 4.00000e-04; 0.00000e+00
-8.16444e-02; 6.49989e+01;-8.30183e-02; 7.06029e-02;-8.76648e-02;-3.66606e-01;-3.85235e-03; 7.92466e-03;-3.76945e-03; 2.09076e-06; 4.67931e-05; 1.73810e-04;-3.74696e-03; 7.37121e-03;-3.66749e-03; 1.47643e-06; 5.44802e-05; 2.00574e-04; 7.38677e-03; 6.50847e+01; 0.00000e+00; 4.00000e-04; 0.00000e+00
 7.59884e-02; 6.58970e+01; 7.75207e-02; 2.59187e-02;-6.05437e-02;-3.93490e-01;-4.08341e-03; 8.42059e-03;-3.99886e-03; 5.80992e-06; 5.02047e-05; 1.86180e-04;-3.98496e-03; 7.85259e-03;-3.90425e-03; 6.12384e-06; 5.84590e-05; 2.16077e-04; 7.86601e-03; 6.58239e+01; 0.00000e+00; 4.00000e-04; 0.00000e+00
 1.96251e-02; 6.65368e+01; 2.07353e-02; 3.45898e-02;-6.76968e-02;-3.50193e-01;-4.31273e-03; 8.91627e-03;-4.22694e-03; 1.02387e-05; 5.34242e-05; 1.98858e-04;-4.22193e-03; 8.33339e-03;-4.14049e-03; 1.12145e-05; 6.27031e-05; 2.31884e-04; 8.34437e-03; 6.65196e+01; 0.00000e+00; 4.00000e-04; 0.00000e+00
 2.16594e-01; 6.72219e+01; 2.23886e-01; 2.12342e-02;-6.43305e-02;-3.45830e-01;-4.52391e-03; 9.41171e-03;-4.43617e-03; 1.25876e-05; 5.67953e-05; 2.07940e-04;-4.45260e-03; 8.80399e-03;-4.37031e-03; 1.49936e-05; 6.87453e-05; 2.49430e-04; 8.81170e-03; 6.70045e+01; 0.00000e+00; 4.00000e-04; 0.00000e+00
 1.19209e-07; 6.86035e+01;-1.19209e-07;-1.89149e-02;-7.06832e-02;-4.05909e-01;-4.73765e-03; 9.85740e-03;-4.65028e-03; 1.78915e-05; 5.97120e-05; 2.20027e-04;-4.66479e-03; 9.23492e-03;-4.58315e-03; 2.09379e-05; 7.20230e-05; 2.63200e-04; 9.24074e-03; 6.86072e+01; 0.00000e+00; 4.00000e-04; 0.00000e+00
 0.00000e+00; 0.00000e+00; 0.00000e+00; 0.00000e+00; 0.00000e+00; 0.00000e+00; 0.00000e+00; 0.00000e+00; 0.00000e+00; 0.00000e+00; 0.00000e+00; 0.00000e+00; 0.00000e+00; 0.00000e+00; 0.00000e+00; 0.00000e+00; 0.00000e+00; 0.00000e+00; 0.00000e+00; 0.00000e+00; 2.82843e-04; 2.82843e-04; 0.00000e+00
 1.40541e+01; 1.42303e+01;-1.01978e-11; 3.60676e-17;-1.36043e-16; 3.25099e-16; 7.07082e-05; 7.07082e-05;-7.37623e-05; 0.00000e+00; 0.00000e+00; 0.00000e+00; 0.00000e+00; 0.00000e+00; 0.00000e+00; 0.00000e+00; 0.00000e+00; 0.00000e+00; 0.00000e+00; 1.41430e+01; 2.82843e-04; 2.82843e-04; 0.00000e+00
 2.81072e+01; 2.84595e+01;-1.45850e-11; 2.78236e-16;-1.98866e-16; 7.10965e-17; 1.41411e-04; 1.41411e-04;-1.47519e-04; 0.00000e+00; 0.00000e+00; 0.00000e+00; 0.00000e+00; 0.00000e+00; 0.00000e+00; 0.00000e+00; 0.00000e+00; 0.00000e+00; 0.00000e+00; 2.82850e+01; 2.82843e-04; 2.82843e-04; 0.00000e+00
 4.21593e+01; 4.26878e+01;-1.45723e-11; 4.22506e-16;-1.18793e-15;-7.72260e-16; 2.12110e-04; 2.12110e-04;-2.21271e-04; 0.00000e+00; 0.00000e+00; 0.00000e+00; 0.00000e+00; 0.00000e+00; 0.00000e+00; 0.00000e+00; 0.00000e+00; 0.00000e+00; 0.00000e+00; 4.24260e+01; 2.82843e-04; 2.82843e-04; 0.00000e+00
 5.05576e+01; 5.13102e+01;-1.09817e-01; 3.57707e-01;-5.71820e-02; 3.73281e-02; 2.82803e-04; 2.82803e-04;-3.15275e-04; 5.31437e-11; 9.59535e-07;-6.78310e-07; 2.49851e-05; 2.37947e-05;-5.22571e-05;-3.67527e-06; 1.87339e-06;-1.30438e-06; 5.11899e-05; 5.10518e+01; 2.82843e-04; 2.82843e-04; 0.00000e+00
 5.05792e+01; 5.16090e+01;-1.98703e-04; 1.06354e+00;-1.23817e-01; 1.07614e-01; 3.53491e-04; 3.53491e-04;-4.66595e-04; 1.28074e-11; 3.75064e-06;-3.30071e-06; 9.65759e-05; 9.25676e-05;-2.03592e-04;-1.09274e-05; 5.33742e-06;-4.65812e-06; 1.99048e-04; 5.11361e+01; 2.82843e-04; 2.82843e-04; 0.00000e+00
 5.22588e+01; 5.34756e+01;-2.01399e-08; 1.36952e+00;-1.41950e-01; 1.44722e-01; 4.70005e-04; 4.70005e-04;-7.09127e-04; 3.87393e-11; 7.48649e-06;-7.46874e-06; 2.05071e-04; 1.99382e-04;-4.36889e-04;-1.40711e-05; 9.25393e-06;-9.20983e-06; 4.26508e-04; 5.29320e+01; 2.82843e-04; 2.82843e-04; 0.00000e+00
 5.22115e+01; 5.35248e+01;-4.37722e-08; 1.49159e+00;-1.42227e-01; 1.62522e-01; 8.19742e-04; 8.19742e-04;-1.45802e-03; 2.59089e-10; 1.86496e-05;-2.07719e-05; 5.55298e-04; 5.48626e-04;-1.18579e-03;-1.53254e-05; 2.04035e-05;-2.26791e-05; 1.15931e-03; 5.29448e+01; 2.82843e-04; 2.82843e-04; 0.00000e+00
 5.44006e+01; 5.57519e+01; 0.00000e+00; 1.52263e+00;-1.46088e-01; 1.69515e-01; 8.77974e-04; 8.77974e-04;-1.57085e-03; 3.06535e-10; 2.01637e-05;-2.26919e-05; 6.02543e-04; 5.95765e-04;-1.28709e-03;-1.56442e-05; 2.19535e-05;-2.46680e-05; 1.25838e-03; 5.51531e+01; 2.82843e-04; 2.82843e-04; 0.00000e+00
 5.43974e+01; 5.57554e+01;-3.72529e-08; 1.56128e+00;-1.49479e-01; 1.82609e-01; 1.17370e-03; 1.17370e-03;-2.20060e-03; 6.79674e-10; 2.93670e-05;-3.46750e-05; 8.98305e-04; 8.91458e-04;-1.91685e-03;-1.60414e-05; 3.11668e-05;-3.67562e-05; 1.87568e-03; 5.51568e+01; 2.82843e-04; 2.82843e-04; 0.00000e+00
 5.61542e+01; 5.75298e+01; 5.58794e-09; 1.56765e+00;-1.50205e-01; 1.86926e-01; 1.35688e-03; 1.35688e-03;-2.57728e-03; 9.63454e-10; 3.46515e-05;-4.17841e-05; 1.07263e-03; 1.06583e-03;-2.28432e-03;-1.61068e-05; 3.64408e-05;-4.38864e-05; 2.23702e-03; 5.69208e+01; 2.82843e-04; 2.82843e-04; 0.00000e+00
 5.61543e+01; 5.75299e+01;-5.21541e-08; 1.59831e+00;-1.52926e-01; 1.98596e-01; 1.63957e-03; 1.63957e-03;-3.17178e-03; 1.54180e-09; 4.31496e-05;-5.37521e-05; 1.35532e-03; 1.34852e-03;-2.87882e-03;-1.64219e-05; 4.49318e-05;-5.59275e-05; 2.82202e-03; 5.69236e+01; 2.82843e-04; 2.82843e-04; 0.00000e+00
 5.83502e+01; 5.97457e+01;-7.12834e-06; 1.59451e+00;-1.52227e-01; 2.00428e-01; 1.80170e-03; 1.80170e-03;-3.49792e-03; 1.90271e-09; 4.75768e-05;-6.01599e-05; 1.50639e-03; 1.49967e-03;-3.19346e-03;-1.63829e-05; 4.93309e-05;-6.23241e-05; 3.13259e-03; 5.91265e+01; 2.82843e-04; 2.82843e-04; 0.00000e+00
 5.83449e+01; 5.97513e+01;-3.53903e-08; 1.64860e+00;-1.58469e-01; 2.16205e-01; 1.99324e-03; 1.99324e-03;-3.89879e-03; 2.42955e-09; 5.32429e-05;-6.86736e-05; 1.69798e-03; 1.69115e-03;-3.59432e-03;-1.69386e-05; 5.50302e-05;-7.09574e-05; 3.52765e-03; 5.91315e+01; 2.82843e-04; 2.82843e-04; 0.00000e+00
 5.83563e+01; 5.97400e+01;-2.23517e-08; 1.63026e+00;-1.54997e-01; 2.18733e-01; 2.34603e-03; 2.34603e-03;-4.62787e-03; 3.54399e-09; 6.33067e-05;-8.43284e-05; 2.05065e-03; 2.04405e-03;-4.32340e-03;-1.67502e-05; 6.49974e-05;-8.65432e-05; 4.24901e-03; 5.91296e+01; 2.82843e-04; 2.82843e-04; 0.00000e+00
 6.05447e+01; 6.19611e+01;-7.45058e-09; 1.65221e+00;-1.58058e-01; 2.24823e-01; 2.40417e-03; 2.40417e-03;-4.73724e-03; 3.71272e-09; 6.46667e-05;-8.65060e-05; 2.09780e-03; 2.09114e-03;-4.42127e-03;-1.69756e-05; 6.63793e-05;-8.87696e-05; 4.34569e-03; 6.13338e+01; 2.82843e-04; 2.82843e-04; 0.00000e+00
 6.05480e+01; 6.19580e+01;-2.98023e-08; 1.68052e+00;-1.60588e-01; 2.37771e-01; 2.69945e-03; 2.69945e-03;-5.34636e-03; 4.84650e-09; 7.29761e-05;-1.00137e-04; 2.39304e-03; 2.38645e-03;-5.03039e-03;-1.72665e-05; 7.46540e-05;-1.02437e-04; 4.94872e-03; 6.13363e+01; 2.82843e-04; 2.82843e-04; 0.00000e+00
 6.27457e+01; 6.41670e+01;-3.72529e-09; 1.66423e+00;-1.58124e-01; 2.38264e-01; 2.92200e-03; 2.92200e-03;-5.78941e-03; 5.73736e-09; 7.87563e-05;-1.09900e-04; 2.60450e-03; 2.59807e-03;-5.46195e-03;-1.70992e-05; 8.03630e-05;-1.12127e-04; 5.37748e-03; 6.35357e+01; 2.82843e-04; 2.82843e-04; 0.00000e+00
 6.27441e+01; 6.41689e+01;-7.45058e-09; 1.70281e+00;-1.63510e-01; 2.50673e-01; 3.05274e-03; 3.05274e-03;-6.05835e-03; 6.33910e-09; 8.23693e-05;-1.16122e-04; 2.73526e-03; 2.72879e-03;-5.73089e-03;-1.74956e-05; 8.39997e-05;-1.18425e-04; 5.64398e-03; 6.35391e+01; 2.82843e-04; 2.82843e-04; 0.00000e+00
 6.27563e+01; 6.41569e+01;-3.72529e-08; 1.69596e+00;-1.61644e-01; 2.57095e-01; 3.40516e-03; 3.40515e-03;-6.77659e-03; 8.08031e-09; 9.18151e-05;-1.32888e-04; 3.08755e-03; 3.08133e-03;-6.44913e-03;-1.74252e-05; 9.33392e-05;-1.35104e-04; 6.35780e-03; 6.35383e+01; 2.82843e-04; 2.82843e-04; 0.00000e+00
 6.33068e+01; 6.46911e+01;-6.18398e-07; 1.63692e+00;-1.74149e-01; 2.24972e-01; 3.53948e-03; 3.53948e-03;-7.03407e-03; 8.73014e-09; 9.48901e-05;-1.38965e-04; 3.21544e-03; 3.20914e-03;-6.70763e-03;-1.77080e-05; 9.67489e-05;-1.41266e-04; 6.61537e-03; 6.40749e+01; 2.82843e-04; 2.82843e-04; 0.00000e+00
 6.40659e+01; 6.54865e+01;-3.90908e-02; 1.64377e+00;-1.44824e-01; 3.68818e-01; 3.78097e-03; 3.78097e-03;-7.47726e-03; 9.88215e-09; 1.01339e-04;-1.47361e-04; 3.43990e-03; 3.43228e-03;-7.16043e-03;-2.09007e-05; 1.04347e-04;-1.52474e-04; 7.06647e-03; 6.48931e+01; 2.82843e-04; 2.82843e-04; 0.00000e+00
 6.62313e+01; 6.76039e+01;-7.16711e-02; 1.53858e+00;-2.94264e-01; 4.60919e-02; 4.09256e-03; 4.09255e-03;-7.99816e-03; 1.12573e-08; 1.06330e-04;-1.60075e-04; 3.71235e-03; 3.70341e-03;-7.69939e-03;-2.61438e-05; 1.13278e-04;-1.66209e-04; 7.60693e-03; 6.70548e+01; 2.82843e-04; 2.82843e-04; 0.00000e+00
 6.66999e+01; 6.80085e+01; 1.06755e-02; 1.59236e+00;-2.76778e-01; 4.23401e-02; 4.34780e-03; 4.34780e-03;-8.49239e-03; 1.26926e-08; 1.10030e-04;-1.74501e-04; 3.96255e-03; 3.95429e-03;-8.19472e-03;-2.70557e-05; 1.16909e-04;-1.80744e-04; 8.10412e-03; 6.74112e+01; 2.82843e-04; 2.82843e-04; 0.00000e+00
 6.68265e+01; 6.82355e+01;-5.89576e-02; 1.64125e+00;-2.29898e-01; 1.11204e-01; 4.50805e-03; 4.50805e-03;-8.78209e-03; 1.36850e-08; 1.13534e-04;-1.82403e-04; 4.11165e-03; 4.10224e-03;-8.49370e-03;-2.90470e-05; 1.20541e-04;-1.90484e-04; 8.40249e-03; 6.76622e+01; 2.82843e-04; 2.82843e-04; 0.00000e+00
 6.82222e+01; 6.95536e+01;-4.76837e-06; 1.67405e+00;-1.71128e-01; 3.01910e-01; 4.85996e-03; 4.85995e-03;-9.43476e-03; 1.57783e-08; 1.20488e-04;-1.98297e-04; 4.44093e-03; 4.43180e-03;-9.15576e-03;-3.20485e-05; 1.27957e-04;-2.09783e-04; 9.06353e-03; 6.89611e+01; 2.82843e-04; 2.82843e-04; 0.00000e+00
 6.93659e+01; 7.07535e+01;-5.81300e-03; 1.69275e+00;-5.36404e-02; 3.15479e-01; 5.21173e-03; 5.21172e-03;-1.00718e-02; 1.84844e-08; 1.31356e-04;-2.13221e-04; 4.76788e-03; 4.75761e-03;-9.80636e-03;-3.55464e-05; 1.39237e-04;-2.27150e-04; 9.71488e-03; 7.01393e+01; 2.82843e-04; 2.82843e-04; 0.00000e+00
 7.06553e+01; 7.18594e+01; 3.57628e-07; 1.62774e+00;-3.03279e-01; 2.84238e-01; 5.56339e-03; 5.56338e-03;-1.07308e-02; 2.05533e-08; 1.36842e-04;-2.27744e-04; 5.10181e-03; 5.09288e-03;-1.04705e-02;-3.71559e-05; 1.47958e-04;-2.42539e-04; 1.03807e-02; 7.13243e+01; 2.82843e-04; 2.82843e-04; 0.00000e+00
 7.19173e+01; 7.32598e+01; 2.50101e-04; 1.67302e+00;-1.54903e-01; 3.12757e-01; 5.86220e-03; 5.86218e-03;-1.12743e-02; 2.31685e-08; 1.44930e-04;-2.42526e-04; 5.37688e-03; 5.36668e-03;-1.10248e-02;-4.00799e-05; 1.55544e-04;-2.59679e-04; 1.09333e-02; 7.26580e+01; 2.82843e-04; 2.82843e-04; 0.00000e+00
 7.18835e+01; 7.32063e+01; 5.51927e-02; 1.67467e+00;-2.16528e-01; 3.74928e-01; 6.02255e-03; 6.02253e-03;-1.15836e-02; 2.43603e-08; 1.48198e-04;-2.49461e-04; 5.53259e-03; 5.52259e-03;-1.13397e-02;-4.07945e-05; 1.59527e-04;-2.67619e-04; 1.12471e-02; 7.25606e+01; 2.82843e-04; 2.82843e-04; 0.00000e+00
 7.30732e+01; 7.43730e+01;-7.29303e-02; 1.65313e+00;-1.51070e-01; 3.23404e-01; 6.37392e-03; 6.37390e-03;-1.22241e-02; 2.72360e-08; 1.56289e-04;-2.64640e-04; 5.85717e-03; 5.84683e-03;-1.19942e-02;-4.42295e-05; 1.68685e-04;-2.85219e-04; 1.18998e-02; 7.38628e+01; 2.82843e-04; 2.82843e-04; 0.00000e+00
 7.43559e+01; 7.55377e+01;-3.09944e-05; 1.63491e+00;-2.06838e-01; 3.79253e-01; 6.72516e-03; 6.72514e-03;-1.28764e-02; 2.98687e-08; 1.63343e-04;-2.77877e-04; 6.18430e-03; 6.17493e-03;-1.26585e-02;-4.68962e-05; 1.77381e-04;-3.00971e-04; 1.25612e-02; 7.50111e+01; 2.82843e-04; 2.82843e-04; 0.00000e+00
 0.00000e+00; 0.00000e+00; 0.00000e+00; 0.00000e+00; 0.00000e+00; 0.00000e+00; 0.00000e+00; 0.00000e+00; 0.00000e+00; 0.00000e+00; 0.00000e+00; 0.00000e+00; 0.00000e+00; 0.00000e+00; 0.00000e+00; 0.00000e+00; 0.00000e+00; 0.00000e+00; 0.00000e+00; 0.00000e+00;-2.82843e-04; 2.82843e-04; 0.00000e+00
-6.85203e+00; 7.02721e+00;-2.08804e-12; 5.15252e-18;-2.32597e-17; 2.24617e-17;-7.07132e-05; 7.07082e-05; 4.21123e-07; 0.00000e+00; 0.00000e+00; 0.00000e+00; 0.00000e+00; 0.00000e+00; 0.00000e+00; 0.00000e+00; 0.00000e+00; 0.00000e+00; 0.00000e+00; 1.20201e+01;-2.82843e-04; 2.82843e-04; 0.00000e+00
-1.37051e+01; 1.40534e+01;-2.78557e-12; 6.69783e-17; 4.61246e-18;-3.86553e-17;-1.41431e-04; 1.41411e-04; 8.47461e-07; 0.00000e+00; 0.00000e+00; 0.00000e+00; 0.00000e+00; 0.00000e+00; 0.00000e+00; 0.00000e+00; 0.00000e+00; 0.00000e+00; 0.00000e+00; 2.40402e+01;-2.82843e-04; 2.82843e-04; 0.00000e+00
-2.05591e+01; 2.10786e+01;-2.78646e-12; 2.06076e-16; 3.57654e-16;-1.90739e-18;-2.12155e-04; 2.12110e-04; 1.27902e-06; 0.00000e+00; 0.00000e+00; 0.00000e+00; 0.00000e+00; 0.00000e+00; 0.00000e+00; 0.00000e+00; 0.00000e+00; 0.00000e+00; 0.00000e+00; 3.60602e+01;-2.82843e-04; 2.82843e-04; 0.00000e+00
-2.74141e+01; 2.81028e+01;-2.78469e-12; 1.95774e-16; 3.07188e-16;-2.49727e-16;-2.82883e-04; 2.82803e-04; 1.71579e-06; 0.00000e+00; 0.00000e+00; 0.00000e+00; 0.00000e+00; 0.00000e+00; 0.00000e+00; 0.00000e+00; 0.00000e+00; 0.00000e+00; 0.00000e+00; 4.80803e+01;-2.82843e-04; 2.82843e-04; 0.00000e+00
-2.85064e+01; 2.90280e+01;-1.14908e-03; 1.34814e-01;-8.01175e-03;-2.38065e-03;-3.53616e-04; 3.53491e-04; 2.13457e-06;-2.94814e-14; 4.13224e-07; 1.07017e-07;-5.99780e-05; 6.08738e-05;-1.43064e-07;-1.38515e-06; 7.77102e-07; 2.04983e-07; 6.97819e-05; 4.98275e+01;-2.82843e-04; 2.82843e-04; 0.00000e+00
-2.97784e+01; 2.96438e+01; 2.70084e-08; 3.17150e-01;-6.48940e-02;-1.11676e-02;-7.07357e-04; 7.06857e-04; 5.17215e-06;-8.31664e-13; 2.46486e-06; 5.06111e-07;-4.02169e-04; 4.06515e-04; 8.50487e-07;-3.75289e-06; 3.64730e-06; 7.46177e-07; 4.66911e-04; 5.14642e+01;-2.82843e-04; 2.82843e-04; 0.00000e+00
-2.99783e+01; 2.94447e+01;-9.31323e-10; 3.32058e-01;-7.34710e-02;-6.64971e-03;-1.06122e-03; 1.06010e-03; 9.41914e-06;-2.32120e-12; 4.73673e-06; 7.35060e-07;-7.55020e-04; 7.60737e-04; 4.05653e-06;-3.90606e-06; 6.00764e-06; 9.27886e-07; 8.75145e-04; 5.14659e+01;-2.82843e-04; 2.82843e-04; 0.00000e+00
-3.04396e+01; 3.02566e+01; 8.49899e-02; 2.64101e-01;-5.42490e-02;-2.45180e-03;-1.41521e-03; 1.41321e-03; 1.36180e-05;-3.68402e-12; 6.57003e-06; 8.41089e-07;-1.10166e-03; 1.10826e-03; 7.48171e-06;-4.92266e-06; 8.76721e-06; 1.06100e-06; 1.27593e-03; 5.25668e+01;-2.82843e-04; 2.82843e-04; 0.00000e+00
-3.09431e+01; 3.06410e+01; 4.66619e-02; 2.59095e-01;-5.56214e-02;-9.11712e-04;-1.76933e-03; 1.76621e-03; 1.72441e-05;-5.02089e-12; 8.50657e-06; 8.85346e-07;-1.45009e-03; 1.45789e-03; 1.03899e-05;-5.95589e-06; 1.14697e-05; 1.10557e-06; 1.67897e-03; 5.33357e+01;-2.82843e-04; 2.82843e-04; 0.00000e+00
-3.12751e+01; 3.09048e+01; 4.55202e-02; 2.50101e-01;-5.62649e-02; 1.50923e-03;-2.12357e-03; 2.11907e-03; 2.11218e-05;-5.86565e-12; 1.04356e-05; 8.43112e-07;-1.80014e-03; 1.80889e-03; 1.33738e-05;-6.90756e-06; 1.41685e-05; 1.02060e-06; 2.08373e-03; 5.38516e+01;-2.82843e-04; 2.82843e-04; 0.00000e+00
-3.18813e+01; 3.11729e+01;-1.86265e-09; 2.72404e-01;-7.43199e-02; 5.58802e-03;-2.47794e-03; 2.47182e-03; 2.49836e-05;-5.79644e-12; 1.24765e-05; 6.96871e-07;-2.14886e-03; 2.15836e-03; 1.62976e-05;-7.60713e-06; 1.67011e-05; 8.23194e-07; 2.48684e-03; 5.46099e+01;-2.82843e-04; 2.82843e-04; 0.00000e+00
-3.25619e+01; 3.18165e+01;-4.64771e-02; 2.33278e-01;-8.02810e-02; 1.00505e-02;-2.83243e-03; 2.82443e-03; 2.90728e-05;-4.51585e-12; 1.43226e-05; 4.72932e-07;-2.49554e-03; 2.50530e-03; 1.94466e-05;-8.14400e-06; 1.92145e-05; 4.92970e-07; 2.88731e-03; 5.57559e+01;-2.82843e-04; 2.82843e-04; 0.00000e+00
-3.29578e+01; 3.23292e+01; 6.21496e-02; 2.12157e-01;-5.86711e-02; 9.75655e-03;-3.18705e-03; 3.17693e-03; 3.36840e-05;-1.46950e-12; 1.63661e-05; 1.34680e-07;-2.84444e-03; 2.85425e-03; 2.25670e-05;-8.77342e-06; 2.17552e-05; 4.70402e-08; 3.29023e-03; 5.65428e+01;-2.82843e-04; 2.82843e-04; 0.00000e+00
-3.33448e+01; 3.25681e+01;-2.09548e-07; 2.10444e-01;-7.07322e-02; 1.42595e-02;-3.54180e-03; 3.52930e-03; 3.72880e-05; 3.10060e-12; 1.81854e-05;-2.55742e-07;-3.19479e-03; 3.20464e-03; 2.54295e-05;-9.52763e-06; 2.43190e-05;-4.92018e-07; 3.69481e-03; 5.70848e+01;-2.82843e-04; 2.82843e-04; 0.00000e+00
-3.36733e+01; 3.30759e+01;-2.15514e-02; 1.71491e-01;-7.50642e-02; 1.87228e-02;-3.89667e-03; 3.88154e-03; 4.07913e-05; 7.20649e-12; 1.95346e-05;-5.53349e-07;-3.54374e-03; 3.55429e-03; 2.73118e-05;-1.07828e-05; 2.73945e-05;-1.20009e-06; 4.09815e-03; 5.78081e+01;-2.82843e-04; 2.82843e-04; 0.00000e+00
-3.45544e+01; 3.40588e+01; 7.63533e-02; 1.51267e-01;-5.59573e-02; 1.61650e-02;-4.25167e-03; 4.23367e-03; 4.45118e-05; 1.32023e-11; 2.10062e-05;-9.42719e-07;-3.88735e-03; 3.89879e-03; 2.86932e-05;-1.20148e-05; 3.04240e-05;-2.01217e-06; 4.49544e-03; 5.94224e+01;-2.82843e-04; 2.82843e-04; 0.00000e+00
-3.46529e+01; 3.37336e+01;-1.59166e-02; 1.53971e-01;-8.03061e-02; 2.76172e-02;-4.60679e-03; 4.58566e-03; 4.79515e-05; 2.46219e-11; 2.28618e-05;-1.61543e-06;-4.24228e-03; 4.25328e-03; 3.11668e-05;-1.23389e-05; 3.28433e-05;-2.90817e-06; 4.90502e-03; 5.92269e+01;-2.82843e-04; 2.82843e-04; 0.00000e+00
-3.54721e+01; 3.42885e+01;-1.86265e-09; 1.43919e-01;-7.78867e-02; 3.08916e-02;-4.96204e-03; 4.93754e-03; 5.19141e-05; 4.05188e-11; 2.48112e-05;-2.44954e-06;-4.58934e-03; 4.59931e-03; 3.38226e-05;-1.24760e-05; 3.51604e-05;-3.91737e-06; 5.30519e-03; 6.04180e+01;-2.82843e-04; 2.82843e-04; 0.00000e+00
-3.55189e+01; 3.44868e+01;-4.32139e-03; 1.16238e-01;-7.91131e-02; 3.57739e-02;-5.31741e-03; 5.28929e-03; 5.57683e-05; 5.55200e-11; 2.63262e-05;-3.16327e-06;-4.94227e-03; 4.95103e-03; 3.64026e-05;-1.28680e-05; 3.76986e-05;-5.12032e-06; 5.71202e-03; 6.06294e+01;-2.82843e-04; 2.82843e-04; 0.00000e+00
-3.66453e+01; 3.54876e+01; 6.70109e-04; 8.86210e-02;-7.92053e-02; 4.15191e-02;-5.67291e-03; 5.64091e-03; 5.94765e-05; 7.44034e-11; 2.79270e-05;-3.99616e-06;-5.28554e-03; 5.29319e-03; 3.84376e-05;-1.29745e-05; 4.00549e-05;-6.37251e-06; 6.10777e-03; 6.24720e+01;-2.82843e-04; 2.82843e-04; 0.00000e+00
-3.71386e+01; 3.57985e+01; 6.16248e-04; 6.89559e-02;-7.98149e-02; 4.61151e-02;-6.02854e-03; 5.99242e-03; 6.33521e-05; 1.00336e-10; 2.96724e-05;-5.07197e-06;-5.63606e-03; 5.64160e-03; 4.11638e-05;-1.29087e-05; 4.21237e-05;-7.66795e-06; 6.51130e-03; 6.31693e+01;-2.82843e-04; 2.82843e-04; 0.00000e+00
-3.75318e+01; 3.60872e+01;-2.24973e-08; 4.99351e-02;-7.68302e-02; 4.82180e-02;-6.38430e-03; 6.34380e-03; 6.73034e-05; 1.31313e-10; 3.13967e-05;-6.27328e-06;-5.98750e-03; 5.99034e-03; 4.41367e-05;-1.28170e-05; 4.41415e-05;-9.08513e-06; 6.91556e-03; 6.37602e+01;-2.82843e-04; 2.82843e-04; 0.00000e+00
-3.80115e+01; 3.66191e+01; 2.27512e-03; 2.56050e-02;-7.39332e-02; 5.03979e-02;-6.74018e-03; 6.69505e-03; 7.11580e-05; 1.63578e-10; 3.29319e-05;-7.45040e-06;-6.33729e-03; 6.33739e-03; 4.67995e-05;-1.26900e-05; 4.62156e-05;-1.06741e-05; 7.31788e-03; 6.46359e+01;-2.82843e-04; 2.82843e-04; 0.00000e+00
 0.00000e+00; 0.00000e+00; 0.00000e+00; 0.00000e+00; 0.00000e+00; 0.00000e+00; 0.00000e+00; 0.00000e+00; 0.00000e+00; 0.00000e+00; 0.00000e+00; 0.00000e+00; 0.00000e+00; 0.00000e+00; 0.00000e+00; 0.00000e+00; 0.00000e+00; 0.00000e+00; 0.00000e+00; 0.00000e+00; 0.00000e+00; 0.00000e+00; 4.00000e-04
-2.76978e-12;-2.60680e-12; 1.31425e+01;-1.31389e-16; 1.62205e-16; 3.70816e-16;-3.51106e-05;-3.34478e-05; 9.99950e-05; 0.00000e+00; 0.00000e+00; 0.00000e+00; 0.00000e+00; 0.00000e+00; 0.00000e+00; 0.00000e+00; 0.00000e+00; 0.00000e+00; 0.00000e+00; 1.31425e+01; 0.00000e+00; 0.00000e+00; 4.00000e-04
-3.78986e-12;-3.65774e-12; 2.62836e+01; 2.26711e-16; 5.44164e-16; 6.29897e-16;-7.02178e-05;-6.68922e-05; 1.99980e-04; 0.00000e+00; 0.00000e+00; 0.00000e+00; 0.00000e+00; 0.00000e+00; 0.00000e+00; 0.00000e+00; 0.00000e+00; 0.00000e+00; 0.00000e+00; 2.62836e+01; 0.00000e+00; 0.00000e+00; 4.00000e-04
-3.78320e-12;-3.64930e-12; 3.94235e+01; 1.54575e-16; 7.16848e-16; 9.75362e-16;-1.05321e-04;-1.00333e-04; 2.99955e-04; 0.00000e+00; 0.00000e+00; 0.00000e+00; 0.00000e+00; 0.00000e+00; 0.00000e+00; 0.00000e+00; 0.00000e+00; 0.00000e+00; 0.00000e+00; 3.94235e+01; 0.00000e+00; 0.00000e+00; 4.00000e-04
-2.62611e-02;-2.92282e-02; 4.97588e+01;-6.20251e-02; 1.20978e-02; 3.81181e-02;-1.43532e-04;-1.36546e-04; 3.99920e-04; 1.68546e-06;-4.20902e-07;-6.35477e-07;-1.08781e-05;-1.01092e-05; 2.08046e-05; 2.61016e-06;-6.14930e-07;-1.14088e-06; 2.09381e-05; 4.97867e+01; 0.00000e+00; 0.00000e+00; 4.00000e-04
-2.91578e-05;-3.00948e-05; 4.98144e+01;-2.60480e-01; 6.18212e-02; 1.51369e-01;-1.95766e-04;-1.85231e-04; 4.99875e-04; 1.12071e-05;-2.99048e-06;-4.42515e-06;-6.30876e-05;-5.88049e-05; 1.20481e-04; 1.41708e-05;-3.68666e-06;-6.10951e-06; 1.21325e-04; 4.98173e+01; 0.00000e+00; 0.00000e+00; 4.00000e-04
 6.16746e-02; 6.12514e-02; 5.07920e+01;-4.58530e-01; 2.47385e-03; 1.97724e-01;-4.08741e-04;-3.83952e-04; 9.49549e-04; 4.43329e-05;-1.25657e-05;-1.86749e-05;-2.87687e-04;-2.67231e-04; 5.50090e-04; 6.21214e-05;-1.61243e-05;-2.68881e-05; 5.53291e-04; 5.07380e+01; 0.00000e+00; 0.00000e+00; 4.00000e-04
-1.83706e-02;-2.03739e-02; 5.16907e+01;-5.42244e-01;-9.95271e-02; 1.38611e-01;-6.53844e-04;-6.12812e-04; 1.44895e-03; 8.45818e-05;-2.56973e-05;-3.58283e-05;-5.40317e-04;-5.02252e-04; 1.03279e-03; 1.11926e-04;-3.09871e-05;-4.77286e-05; 1.03882e-03; 5.17194e+01; 0.00000e+00; 0.00000e+00; 4.00000e-04
 5.57375e-02; 5.38287e-02; 5.30981e+01;-4.69656e-01; 5.36303e-02; 2.92164e-01;-9.02197e-04;-8.45761e-04; 1.94810e-03; 1.26677e-04;-3.83207e-05;-5.07369e-05;-7.92566e-04;-7.37914e-04; 1.51508e-03; 1.60434e-04;-4.60193e-05;-6.67935e-05; 1.52409e-03; 5.30520e+01; 0.00000e+00; 0.00000e+00; 4.00000e-04
 8.54933e-03; 8.78242e-03; 5.43611e+01;-5.09377e-01; 6.19569e-02; 3.16209e-01;-1.14843e-03;-1.07689e-03; 2.44700e-03; 1.68493e-04;-5.26018e-05;-6.60457e-05;-1.04367e-03;-9.73008e-04; 1.99636e-03; 2.10077e-04;-6.21300e-05;-8.54578e-05; 2.00816e-03; 5.43625e+01; 0.00000e+00; 0.00000e+00; 4.00000e-04
-4.11387e-02;-4.25293e-02; 5.52654e+01;-5.46054e-01; 3.99329e-02; 3.33433e-01;-1.39589e-03;-1.30929e-03; 2.94566e-03; 2.10679e-04;-6.72882e-05;-8.09013e-05;-1.29595e-03;-1.20972e-03; 2.48085e-03; 2.58809e-04;-7.85193e-05;-1.02820e-04; 2.49524e-03; 5.53184e+01; 0.00000e+00; 0.00000e+00; 4.00000e-04
 3.13490e-02; 3.18943e-02; 5.62010e+01;-5.16726e-01; 3.42534e-02; 3.11163e-01;-1.63867e-03;-1.53752e-03; 3.44406e-03; 2.51859e-04;-8.04054e-05;-9.51152e-05;-1.54641e-03;-1.44477e-03; 2.96350e-03; 3.08420e-04;-9.43147e-05;-1.20095e-04; 2.97997e-03; 5.61791e+01; 0.00000e+00; 0.00000e+00; 4.00000e-04
 4.70504e-02; 4.59167e-02; 5.70105e+01;-5.43872e-01; 4.96665e-02; 3.17211e-01;-1.87416e-03;-1.75862e-03; 3.94222e-03; 2.89511e-04;-9.14196e-05;-1.08062e-04;-1.79416e-03;-1.67660e-03; 3.44233e-03; 3.60476e-04;-1.08790e-04;-1.38713e-04; 3.46026e-03; 5.69745e+01; 0.00000e+00; 0.00000e+00; 4.00000e-04
-2.95095e-02;-3.25369e-02; 5.86262e+01;-5.71088e-01; 2.71649e-02; 2.22195e-01;-2.10926e-03;-1.97982e-03; 4.44013e-03; 3.26930e-04;-1.03408e-04;-1.22976e-04;-2.03867e-03;-1.90516e-03; 3.91461e-03; 4.12657e-04;-1.24207e-04;-1.59268e-04; 3.93408e-03; 5.86669e+01; 0.00000e+00; 0.00000e+00; 4.00000e-04
 1.05762e-03;-2.41673e-03; 5.96748e+01;-6.14372e-01; 2.55369e-01; 3.91651e-01;-2.35530e-03;-2.21359e-03; 4.93779e-03; 3.69198e-04;-1.15518e-04;-1.35481e-04;-2.28849e-03;-2.14130e-03; 4.39870e-03; 4.62995e-04;-1.39240e-04;-1.76620e-04; 4.41991e-03; 5.96904e+01; 0.00000e+00; 0.00000e+00; 4.00000e-04
-1.32256e-02;-1.64573e-02; 6.04111e+01;-6.23591e-01; 1.39367e-01; 3.79736e-01;-2.56339e-03;-2.41122e-03; 5.36060e-03; 4.05108e-04;-1.26850e-04;-1.45113e-04;-2.50031e-03;-2.34285e-03; 4.81035e-03; 5.03734e-04;-1.51316e-04;-1.87828e-04; 4.83293e-03; 6.04397e+01; 0.00000e+00; 0.00000e+00; 4.00000e-04
 0.00000e+00;-2.38419e-07; 6.06599e+01;-6.39014e-01; 1.51691e-01; 3.70721e-01;-2.67031e-03;-2.51304e-03; 5.57194e-03; 4.23987e-04;-1.33609e-04;-1.50605e-04;-2.60758e-03;-2.44507e-03; 5.01897e-03; 5.23666e-04;-1.58453e-04;-1.93556e-04; 5.04224e-03; 6.06740e+01; 0.00000e+00; 0.00000e+00; 4.00000e-04
-4.45545e-06;-6.17653e-06; 6.16334e+01;-5.72161e-01; 2.24227e-01; 3.49133e-01;-2.85214e-03;-2.68602e-03; 5.96032e-03; 4.52636e-04;-1.41819e-04;-1.58865e-04;-2.79765e-03;-2.62519e-03; 5.39006e-03; 5.63806e-04;-1.69729e-04;-2.05980e-04; 5.41392e-03; 6.16455e+01; 0.00000e+00; 0.00000e+00; 4.00000e-04
-6.59919e-02;-6.71237e-02; 6.24490e+01;-5.30303e-01; 3.21109e-01; 3.57663e-01;-3.08945e-03;-2.91230e-03; 6.45723e-03; 4.92478e-04;-1.52665e-04;-1.69274e-04;-3.04261e-03;-2.85751e-03; 5.87128e-03; 6.15859e-04;-1.83210e-04;-2.20850e-04; 5.89494e-03; 6.25279e+01; 0.00000e+00; 0.00000e+00; 4.00000e-04
 8.24054e-02; 6.80687e-02; 6.32228e+01;-5.37083e-01; 1.76969e-01; 3.69824e-01;-3.31888e-03;-3.12842e-03; 6.95388e-03; 5.31081e-04;-1.60959e-04;-1.80041e-04;-3.28585e-03;-3.08706e-03; 6.34875e-03; 6.68096e-04;-1.94504e-04;-2.36173e-04; 6.37199e-03; 6.31584e+01; 0.00000e+00; 0.00000e+00; 4.00000e-04
-3.14764e-02;-3.32817e-02; 6.41901e+01;-5.85506e-01; 1.16025e-01; 3.62512e-01;-3.54934e-03;-3.34583e-03; 7.45030e-03; 5.69373e-04;-1.69917e-04;-1.91462e-04;-3.52795e-03;-3.31443e-03; 6.82368e-03; 7.20909e-04;-2.06239e-04;-2.52419e-04; 6.84628e-03; 6.42338e+01; 0.00000e+00; 0.00000e+00; 4.00000e-04
 4.08114e-02; 4.48178e-02; 6.52163e+01;-6.32926e-01; 5.85869e-02; 3.72180e-01;-3.78478e-03;-3.56796e-03; 7.94646e-03; 6.10659e-04;-1.81197e-04;-2.03721e-04;-3.77185e-03;-3.54396e-03; 7.30257e-03; 7.72045e-04;-2.19314e-04;-2.68080e-04; 7.32448e-03; 6.51860e+01; 0.00000e+00; 0.00000e+00; 4.00000e-04
-6.31614e-02;-6.48148e-02; 6.59042e+01;-6.45385e-01; 7.29962e-02; 3.72011e-01;-4.02115e-03;-3.79073e-03; 8.44238e-03; 6.51386e-04;-1.92104e-04;-2.15705e-04;-4.01597e-03;-3.77385e-03; 7.78306e-03; 8.22929e-04;-2.32400e-04;-2.83510e-04; 7.80392e-03; 6.59809e+01; 0.00000e+00; 0.00000e+00; 4.00000e-04
-2.17557e-06;-2.22027e-06; 6.72606e+01;-6.07021e-01; 7.99364e-02; 3.53217e-01;-4.20646e-03;-3.96537e-03; 8.84513e-03; 6.81099e-04;-1.98989e-04;-2.24438e-04;-4.20963e-03;-3.95583e-03; 8.16510e-03; 8.65081e-04;-2.41706e-04;-2.96485e-04; 8.18477e-03; 6.72718e+01; 0.00000e+00; 0.00000e+00; 4.00000e-04
-2.23517e-08; 2.16067e-07; 6.80795e+01;-6.41802e-01; 1.02143e-01; 3.67001e-01;-4.24714e-03;-4.00382e-03; 8.92683e-03; 6.88455e-04;-2.00974e-04;-2.26584e-04;-4.24812e-03;-3.99219e-03; 8.24057e-03; 8.72793e-04;-2.43892e-04;-2.98749e-04; 8.26020e-03; 6.80918e+01; 0.00000e+00; 0.00000e+00; 4.00000e-04
 4.47035e-08; 4.91738e-07; 6.81022e+01;-7.19993e-01; 1.49417e-01; 4.01578e-01;-4.45814e-03;-4.20337e-03; 9.34167e-03; 7.28661e-04;-2.11925e-04;-2.38149e-04;-4.45907e-03;-4.19169e-03; 8.65524e-03; 9.13795e-04;-2.55185e-04;-3.10532e-04; 8.67429e-03; 6.81176e+01; 0.00000e+00; 0.00000e+00; 4.00000e-04
-7.15256e-07;-7.15256e-07; 6.97233e+01;-6.69650e-01; 1.48864e-01; 3.81147e-01;-4.65733e-03;-4.39227e-03; 9.75025e-03; 7.63854e-04;-2.21366e-04;-2.47892e-04;-4.65771e-03;-4.37966e-03; 9.04806e-03; 9.53334e-04;-2.65169e-04;-3.21621e-04; 9.06585e-03; 6.97366e+01; 0.00000e+00; 0.00000e+00; 4.00000e-04
-5.96046e-07;-1.19209e-06; 6.97392e+01;-7.06226e-01; 1.72210e-01; 4.00787e-01;-4.74008e-03;-4.47093e-03; 9.91348e-03; 7.79726e-04;-2.25951e-04;-2.52066e-04;-4.74042e-03;-4.45828e-03; 9.21117e-03; 9.69579e-04;-2.69927e-04;-3.25945e-04; 9.22869e-03; 6.97540e+01; 0.00000e+00; 0.00000e+00; 4.00000e-04
 0.00000e+00; 0.00000e+00; 0.00000e+00; 0.00000e+00; 0.00000e+00; 0.00000e+00; 0.00000e+00; 0.00000e+00; 0.00000e+00; 0.00000e+00; 0.00000e+00; 0.00000e+00; 0.00000e+00; 0.00000e+00; 0.00000e+00; 0.00000e+00; 0.00000e+00; 0.00000e+00; 0.00000e+00; 0.00000e+00; 0.00000e+00; 2.82843e-04; 2.82843e-04
-1.03160e-11; 1.41248e+01; 1.40179e+01; 2.52473e-16; 3.03480e-16; 2.03187e-17;-7.41032e-05; 7.07082e-05; 7.07082e-05; 0.00000e+00; 0.00000e+00; 0.00000e+00; 0.00000e+00; 0.00000e+00; 0.00000e+00; 0.00000e+00; 0.00000e+00; 0.00000e+00; 0.00000e+00; 1.40716e+01; 0.00000e+00; 2.82843e-04; 2.82843e-04
-1.47623e-11; 2.82485e+01; 2.80348e+01; 8.86261e-16; 8.37207e-16; 4.06374e-17;-1.48201e-04; 1.41411e-04; 1.41411e-04; 0.00000e+00; 0.00000e+00; 0.00000e+00; 0.00000e+00; 0.00000e+00; 0.00000e+00; 0.00000e+00; 0.00000e+00; 0.00000e+00; 0.00000e+00; 2.81423e+01; 0.00000e+00; 2.82843e-04; 2.82843e-04
-1.47558e-11; 4.23713e+01; 4.20508e+01; 1.99936e-15; 1.86813e-15; 6.09560e-17;-2.22294e-04; 2.12110e-04; 2.12110e-04; 0.00000e+00; 0.00000e+00; 0.00000e+00; 0.00000e+00; 0.00000e+00; 0.00000e+00; 0.00000e+00; 0.00000e+00; 0.00000e+00; 0.00000e+00; 4.22119e+01; 0.00000e+00; 2.82843e-04; 2.82843e-04
-3.14748e-13; 4.59018e+01; 4.55546e+01; 1.78805e-15; 1.89559e-15; 6.60357e-17;-2.40816e-04; 2.29783e-04; 2.29783e-04; 0.00000e+00; 0.00000e+00; 0.00000e+00; 0.00000e+00; 0.00000e+00; 0.00000e+00; 0.00000e+00; 0.00000e+00; 0.00000e+00; 0.00000e+00; 4.57292e+01; 0.00000e+00; 2.82843e-04; 2.82843e-04
-2.10554e-13; 5.11975e+01; 5.08102e+01; 2.33690e-15; 1.81709e-15; 6.60357e-17;-2.68599e-04; 2.56293e-04; 2.56293e-04; 0.00000e+00; 0.00000e+00; 0.00000e+00; 0.00000e+00; 0.00000e+00; 0.00000e+00; 0.00000e+00; 0.00000e+00; 0.00000e+00; 0.00000e+00; 5.10050e+01; 0.00000e+00; 2.82843e-04; 2.82843e-04
-1.49012e-08; 5.25745e+01; 5.15824e+01;-7.64433e-01; 9.28060e-01; 2.70803e-01;-8.02762e-04; 5.01478e-04; 5.01477e-04; 5.16284e-05;-6.19608e-05; 2.13083e-09;-5.28529e-04; 2.36779e-04; 2.42815e-04; 5.94492e-05;-7.13101e-05;-2.82227e-06; 5.15545e-04; 5.21293e+01; 0.00000e+00; 2.82843e-04; 2.82843e-04
 7.45058e-08; 5.39438e+01; 5.28704e+01;-8.53942e-01; 1.01701e+00; 2.63793e-01;-9.89382e-04; 5.88851e-04; 5.88850e-04; 6.98736e-05;-8.32887e-05; 3.87581e-09;-7.08156e-04; 3.17118e-04; 3.23874e-04; 7.85926e-05;-9.35126e-05;-2.74922e-06; 6.90125e-04; 5.34666e+01; 0.00000e+00; 2.82843e-04; 2.82843e-04
 5.96046e-07; 5.40112e+01; 5.28621e+01;-9.98746e-01; 1.14845e+00; 2.76683e-01;-1.72475e-03; 9.21779e-04; 9.21776e-04; 1.43361e-04;-1.69440e-04; 1.61656e-08;-1.44338e-03; 6.49523e-04; 6.57041e-04; 1.53433e-04;-1.80834e-04;-2.88360e-06; 1.40596e-03; 5.35130e+01; 0.00000e+00; 2.82843e-04; 2.82843e-04
 6.18807e-02; 5.53153e+01; 5.42336e+01;-9.93818e-01; 1.30224e+00; 3.41786e-01;-2.31242e-03; 1.23963e-03; 1.23963e-03; 1.90206e-04;-2.24714e-04; 2.84275e-08;-2.05419e-03; 9.30828e-04; 9.40571e-04; 2.15007e-04;-2.55085e-04;-4.93494e-06; 2.00441e-03; 5.47973e+01; 0.00000e+00; 2.82843e-04; 2.82843e-04
 1.78134e-02; 5.62022e+01; 5.51441e+01;-1.17118e+00; 1.39283e+00; 3.15029e-01;-2.77999e-03; 1.49560e-03; 1.49560e-03; 2.28974e-04;-2.69932e-04; 4.10877e-08;-2.53864e-03; 1.15996e-03; 1.17148e-03; 2.66787e-04;-3.14940e-04;-5.90422e-06; 2.48298e-03; 5.57547e+01; 0.00000e+00; 2.82843e-04; 2.82843e-04
-7.83458e-02; 5.67063e+01; 5.56762e+01;-1.31705e+00; 1.44083e+00; 3.30504e-01;-3.30172e-03; 1.78460e-03; 1.78459e-03; 2.70239e-04;-3.18118e-04; 5.71182e-08;-3.08235e-03; 1.42070e-03; 1.43435e-03; 3.23184e-04;-3.79936e-04;-7.43446e-06; 3.02226e-03; 5.63810e+01; 0.00000e+00; 2.82843e-04; 2.82843e-04
 4.06406e-02; 5.88107e+01; 5.76694e+01;-1.38758e+00; 1.49058e+00; 3.61600e-01;-3.85477e-03; 2.10217e-03; 2.10216e-03; 3.13901e-04;-3.68928e-04; 7.68990e-08;-3.65889e-03; 1.69539e-03; 1.71295e-03; 3.86079e-04;-4.52707e-04;-9.58236e-06; 3.59380e-03; 5.83179e+01; 0.00000e+00; 2.82843e-04; 2.82843e-04
 1.30074e-02; 5.94474e+01; 5.83276e+01;-1.50889e+00; 1.54059e+00; 2.95971e-01;-4.51864e-03; 2.45491e-03; 2.45489e-03; 3.75350e-04;-4.39423e-04; 1.09449e-07;-4.34005e-03; 2.02385e-03; 2.04319e-03; 4.60065e-04;-5.36961e-04;-1.01345e-05; 4.27057e-03; 5.90031e+01; 0.00000e+00; 2.82843e-04; 2.82843e-04
-4.76837e-07; 6.16757e+01; 6.05305e+01;-1.57542e+00; 1.59837e+00; 2.69022e-01;-4.62659e-03; 2.51305e-03; 2.51303e-03; 3.85732e-04;-4.50845e-04; 1.15387e-07;-4.43623e-03; 2.07078e-03; 2.09020e-03; 4.71061e-04;-5.48890e-04;-9.85368e-06; 4.36645e-03; 6.12364e+01; 0.00000e+00; 2.82843e-04; 2.82843e-04
 4.76837e-07; 6.18040e+01; 6.06209e+01;-1.69336e+00; 1.69329e+00; 2.04615e-01;-5.23256e-03; 2.80828e-03; 2.80826e-03; 4.51666e-04;-5.22698e-04; 1.56550e-07;-5.04167e-03; 2.36530e-03; 2.38509e-03; 5.37732e-04;-6.21185e-04;-9.18250e-06; 4.96919e-03; 6.13624e+01; 0.00000e+00; 2.82843e-04; 2.82843e-04
-4.76837e-06; 6.27030e+01; 6.15422e+01;-1.44911e+00; 1.48955e+00; 2.61210e-01;-5.78400e-03; 3.09468e-03; 3.09466e-03; 5.08355e-04;-5.83286e-04; 1.96512e-07;-5.59893e-03; 2.63718e-03; 2.65787e-03; 5.98719e-04;-6.87290e-04;-1.05981e-05; 5.52464e-03; 6.22366e+01; 0.00000e+00; 2.82843e-04; 2.82843e-04
-1.19209e-07; 6.40719e+01; 6.29043e+01;-1.66879e+00; 1.57457e+00; 2.29161e-01;-5.89480e-03; 3.15278e-03; 3.15275e-03; 5.18632e-04;-5.95835e-04; 2.04775e-07;-5.70255e-03; 2.68844e-03; 2.70910e-03; 6.11166e-04;-7.00591e-04;-1.02642e-05; 5.62839e-03; 6.36216e+01; 0.00000e+00; 2.82843e-04; 2.82843e-04
-3.39575e-02; 6.41383e+01; 6.30491e+01;-2.01043e+00; 1.83127e+00; 1.47386e-01;-6.48312e-03; 3.44782e-03; 3.44779e-03; 5.81064e-04;-6.63713e-04; 2.55410e-07;-6.29236e-03; 2.98050e-03; 3.00078e-03; 6.77982e-04;-7.72423e-04;-9.65290e-06; 6.21879e-03; 6.38093e+01; 0.00000e+00; 2.82843e-04; 2.82843e-04
 1.23739e-02; 6.45052e+01; 6.35981e+01;-2.06757e+00; 2.01526e+00; 1.61791e-01;-7.12852e-03; 3.80008e-03; 3.80004e-03; 6.41303e-04;-7.29906e-04; 3.09795e-07;-6.94944e-03; 3.31739e-03; 3.33767e-03; 7.48625e-04;-8.51763e-04;-1.14547e-05; 6.88394e-03; 6.42397e+01; 0.00000e+00; 2.82843e-04; 2.82843e-04
 0.00000e+00; 6.68537e+01; 6.59444e+01;-2.07440e+00; 1.90460e+00; 1.44785e-01;-7.22985e-03; 3.85814e-03; 3.85810e-03; 6.51641e-04;-7.42287e-04; 3.20095e-07;-7.03833e-03; 3.36370e-03; 3.38382e-03; 7.58925e-04;-8.62894e-04;-1.12775e-05; 6.97439e-03; 6.65831e+01; 0.00000e+00; 2.82843e-04; 2.82843e-04
 7.15256e-07; 6.68964e+01; 6.60364e+01;-2.25958e+00; 2.05609e+00; 9.34034e-02;-7.79809e-03; 4.15297e-03; 4.15292e-03; 7.13589e-04;-8.09509e-04; 3.82047e-07;-7.60626e-03; 3.65848e-03; 3.67809e-03; 8.22095e-04;-9.30910e-04;-1.07422e-05; 7.55157e-03; 6.66811e+01; 0.00000e+00; 2.82843e-04; 2.82843e-04
-8.82672e-02; 6.75224e+01; 6.66127e+01;-2.00845e+00; 1.81468e+00; 1.84332e-01;-8.44510e-03; 4.50497e-03; 4.50492e-03; 7.80457e-04;-8.80668e-04; 4.54274e-07;-8.26006e-03; 3.99714e-03; 4.01798e-03; 8.93640e-04;-1.00776e-03;-1.21591e-05; 8.21612e-03; 6.73247e+01; 0.00000e+00; 2.82843e-04; 2.82843e-04
 6.96633e-02; 6.84989e+01; 6.76592e+01;-2.23013e+00; 2.08584e+00; 1.50953e-01;-9.08500e-03; 4.85685e-03; 4.85679e-03; 8.44207e-04;-9.48165e-04; 5.28691e-07;-8.90656e-03; 4.33361e-03; 4.35559e-03; 9.67373e-04;-1.08738e-03;-1.38766e-05; 8.87459e-03; 6.82191e+01; 0.00000e+00; 2.82843e-04; 2.82843e-04
-1.66893e-06; 6.93526e+01; 6.84004e+01;-2.08444e+00; 1.84495e+00; 2.12733e-01;-9.42440e-03; 5.05034e-03; 5.05027e-03; 8.77804e-04;-9.84950e-04; 5.70856e-07;-9.25319e-03; 4.51246e-03; 4.53558e-03; 1.00662e-03;-1.12870e-03;-1.44154e-05; 9.22674e-03; 6.90509e+01; 0.00000e+00; 2.82843e-04; 2.82843e-04
-1.16906e-02; 7.02043e+01; 6.91666e+01;-2.03154e+00; 1.89962e+00; 2.26700e-01;-9.89766e-03; 5.31631e-03; 5.31624e-03; 9.26170e-04;-1.03551e-03; 6.32914e-07;-9.73747e-03; 4.75984e-03; 4.78509e-03; 1.06380e-03;-1.18961e-03;-1.55724e-05; 9.71751e-03; 6.98703e+01; 0.00000e+00; 2.82843e-04; 2.82843e-04
-1.05567e-02; 7.11551e+01; 7.01162e+01;-2.15912e+00; 1.98693e+00; 2.41127e-01;-1.03015e-02; 5.54046e-03; 5.54039e-03; 9.67959e-04;-1.07755e-03; 6.88041e-07;-1.01457e-02; 4.97031e-03; 4.99606e-03; 1.11288e-03;-1.23783e-03;-1.59687e-05; 1.01320e-02; 7.08357e+01; 0.00000e+00; 2.82843e-04; 2.82843e-04
-2.02656e-06; 7.19788e+01; 7.08501e+01;-2.12928e+00; 1.86407e+00; 2.77757e-01;-1.07292e-02; 5.77555e-03; 5.77547e-03; 1.01226e-03;-1.12362e-03; 7.49963e-07;-1.05805e-02; 5.19131e-03; 5.21845e-03; 1.16298e-03;-1.28888e-03;-1.66860e-05; 1.05715e-02; 7.15907e+01; 0.00000e+00; 2.82843e-04; 2.82843e-04
 2.45028e-02; 7.21447e+01; 7.10805e+01;-2.28123e+00; 1.99500e+00; 2.53047e-01;-1.11262e-02; 5.98862e-03; 5.98853e-03; 1.05443e-03;-1.16594e-03; 8.10295e-07;-1.09825e-02; 5.39715e-03; 5.42474e-03; 1.21049e-03;-1.33684e-03;-1.72320e-05; 1.09787e-02; 7.17876e+01; 0.00000e+00; 2.82843e-04; 2.82843e-04
-7.98315e-02; 7.33767e+01; 7.22968e+01;-2.12251e+00; 1.84353e+00; 2.89118e-01;-1.17424e-02; 6.33997e-03; 6.33988e-03; 1.11625e-03;-1.22848e-03; 9.03233e-07;-1.16145e-02; 5.71972e-03; 5.74948e-03; 1.28647e-03;-1.41310e-03;-1.89158e-05; 1.16188e-02; 7.30867e+01; 0.00000e+00; 2.82843e-04; 2.82843e-04
 2.91589e-03; 7.44247e+01; 7.34626e+01;-2.26432e+00; 2.05003e+00; 2.74758e-01;-1.23527e-02; 6.69120e-03; 6.69110e-03; 1.17441e-03;-1.28769e-03; 9.95458e-07;-1.22408e-02; 6.04449e-03; 6.07590e-03; 1.36101e-03;-1.49038e-03;-2.14026e-05; 1.22563e-02; 7.41360e+01; 0.00000e+00; 2.82843e-04; 2.82843e-04
 4.97284e-02; 7.63575e+01; 7.51817e+01;-2.20414e+00; 2.02682e+00; 3.53589e-01;-1.29650e-02; 7.04230e-03; 7.04220e-03; 1.23210e-03;-1.34582e-03; 1.09080e-06;-1.28662e-02; 6.36533e-03; 6.39968e-03; 1.43232e-03;-1.56131e-03;-2.29763e-05; 1.28908e-02; 7.59066e+01; 0.00000e+00; 2.82843e-04; 2.82843e-04
 0.00000e+00; 0.00000e+00; 0.00000e+00; 0.00000e+00; 0.00000e+00; 0.00000e+00; 0.00000e+00; 0.00000e+00; 0.00000e+00; 0.00000e+00; 0.00000e+00; 0.00000e+00; 0.00000e+00; 0.00000e+00; 0.00000e+00; 0.00000e+00; 0.00000e+00; 0.00000e+00; 0.00000e+00; 0.00000e+00; 2.82843e-04; 0.00000e+00; 2.82843e-04
 1.42152e+01;-1.00148e-11; 1.42846e+01;-3.40066e-16; 2.14529e-16; 2.13346e-16; 7.07082e-05;-7.32430e-05; 7.07082e-05; 0.00000e+00; 0.00000e+00; 0.00000e+00; 0.00000e+00; 0.00000e+00; 0.00000e+00; 0.00000e+00; 0.00000e+00; 0.00000e+00; 0.00000e+00; 1.42500e+01; 2.82843e-04; 0.00000e+00; 2.82843e-04
 2.84295e+01;-1.43171e-11; 2.85681e+01;-1.22636e-15; 2.82550e-16; 1.43256e-15; 1.41411e-04;-1.46481e-04; 1.41411e-04; 0.00000e+00; 0.00000e+00; 0.00000e+00; 0.00000e+00; 0.00000e+00; 0.00000e+00; 0.00000e+00; 0.00000e+00; 0.00000e+00; 0.00000e+00; 2.84991e+01; 2.82843e-04; 0.00000e+00; 2.82843e-04
 4.26427e+01;-1.43200e-11; 4.28507e+01;-1.23667e-15; 4.13360e-16; 6.80655e-16; 2.12110e-04;-2.19714e-04; 2.12110e-04; 0.00000e+00; 0.00000e+00; 0.00000e+00; 0.00000e+00; 0.00000e+00; 0.00000e+00; 0.00000e+00; 0.00000e+00; 0.00000e+00; 0.00000e+00; 4.27471e+01; 2.82843e-04; 0.00000e+00; 2.82843e-04
 4.98954e+01; 1.12686e-01; 5.01287e+01;-1.12709e-01;-1.16316e-01; 3.79819e-02; 2.82803e-04;-3.15137e-04; 2.82803e-04; 5.56769e-06; 2.68220e-12;-6.43042e-07; 3.02825e-05;-6.34860e-05; 3.03805e-05; 9.05616e-06; 1.17685e-06;-1.30843e-06; 6.27855e-05; 4.99006e+01; 2.82843e-04; 0.00000e+00; 2.82843e-04
 5.02721e+01; 3.93180e-02; 5.04880e+01;-3.04760e-01;-1.65158e-01; 5.70132e-02; 3.18147e-04;-3.74080e-04; 3.18147e-04; 9.43375e-06; 8.53156e-12;-1.31321e-06; 5.90098e-05;-1.24467e-04; 5.93145e-05; 1.65431e-05; 1.76742e-06;-2.43847e-06; 1.22838e-04; 5.03448e+01; 2.82843e-04; 0.00000e+00; 2.82843e-04
 5.08167e+01;-2.80970e-03; 5.09708e+01;-5.55558e-01;-2.39332e-01; 9.95144e-02; 4.51783e-04;-6.24907e-04; 4.51783e-04; 3.01539e-05; 9.10741e-11;-4.53059e-06; 1.80037e-04;-3.81941e-04; 1.81100e-04; 4.35961e-05; 2.76360e-06;-6.62461e-06; 3.76002e-04; 5.09078e+01; 2.82843e-04; 0.00000e+00; 2.82843e-04
 5.19372e+01; 4.56895e-02; 5.20549e+01;-6.59818e-01;-2.91264e-01; 1.00986e-01; 7.31283e-04;-1.12390e-03; 7.31284e-04; 7.16861e-05; 4.96411e-10;-1.03997e-05; 4.27436e-04;-9.02148e-04; 4.29304e-04; 9.98060e-05; 4.68850e-06;-1.44218e-05; 8.89183e-04; 5.19658e+01; 2.82843e-04; 0.00000e+00; 2.82843e-04
 5.36934e+01; 4.99189e-07; 5.37510e+01;-7.29258e-01;-2.13941e-01; 9.67889e-02; 8.73694e-04;-1.39900e-03; 8.73697e-04; 9.47941e-05; 8.83244e-10;-1.39971e-05; 5.55829e-04;-1.17317e-03; 5.58394e-04; 1.25639e-04; 4.20137e-06;-1.82611e-05; 1.15618e-03; 5.37386e+01; 2.82843e-04; 0.00000e+00; 2.82843e-04
 5.38014e+01;-1.89984e-02; 5.37890e+01;-7.81656e-01;-4.87186e-02; 9.54670e-02; 1.19735e-03;-2.07165e-03; 1.19736e-03; 1.52611e-04; 2.35465e-09;-2.31938e-05; 8.76991e-04;-1.84718e-03; 8.80169e-04; 1.84931e-04; 2.81006e-06;-2.75172e-05; 1.82087e-03; 5.38315e+01; 2.82843e-04; 0.00000e+00; 2.82843e-04
 5.50663e+01;-1.26071e-02; 5.51163e+01;-7.09819e-01; 7.62001e-02; 5.37630e-02; 1.51512e-03;-2.64489e-03; 1.51513e-03; 2.01030e-04; 4.16446e-09;-3.11594e-05; 1.16562e-03;-2.43715e-03; 1.16849e-03; 2.46070e-04; 3.05395e-06;-3.64883e-05; 2.40758e-03; 5.51178e+01; 2.82843e-04; 0.00000e+00; 2.82843e-04
 5.61795e+01; 7.72433e-02; 5.62170e+01;-8.08701e-01; 7.00843e-02; 8.11836e-02; 1.86806e-03;-3.26814e-03; 1.86809e-03; 2.52867e-04; 6.30467e-09;-3.75270e-05; 1.48507e-03;-3.08389e-03; 1.48846e-03; 3.14890e-04; 4.15805e-06;-4.47915e-05; 3.05308e-03; 5.61388e+01; 2.82843e-04; 0.00000e+00; 2.82843e-04
 5.75720e+01;-4.11272e-06; 5.75427e+01;-7.00818e-01;-1.40447e-01; 1.50394e-01; 2.11064e-03;-3.67903e-03; 2.11067e-03; 2.86477e-04; 7.94051e-09;-4.17370e-05; 1.69638e-03;-3.51141e-03; 1.70118e-03; 3.59989e-04; 5.83421e-06;-5.09775e-05; 3.48021e-03; 5.75713e+01; 2.82843e-04; 0.00000e+00; 2.82843e-04
 5.79237e+01; 1.08308e-03; 5.77840e+01;-7.66072e-01; 2.09955e-02; 1.98977e-01; 2.28510e-03;-4.01935e-03; 2.28513e-03; 3.17104e-04; 9.36555e-09;-4.44880e-05; 1.86472e-03;-3.85436e-03; 1.87065e-03; 3.93936e-04; 4.82646e-06;-5.43084e-05; 3.82201e-03; 5.78691e+01; 2.82843e-04; 0.00000e+00; 2.82843e-04
 5.88949e+01; 1.26915e-01; 5.88405e+01;-5.82423e-01;-1.11795e-01; 1.27131e-01; 2.63777e-03;-4.59932e-03; 2.63782e-03; 3.69601e-04; 1.22122e-08;-4.98013e-05; 2.17297e-03;-4.46929e-03; 2.18056e-03; 4.66744e-04; 7.53865e-06;-6.10525e-05; 4.43937e-03; 5.87502e+01; 2.82843e-04; 0.00000e+00; 2.82843e-04
 5.97982e+01;-7.19757e-02; 5.97571e+01;-6.83065e-01; 6.04516e-03; 5.59398e-02; 2.99032e-03;-5.21222e-03; 2.99038e-03; 4.25238e-04; 1.59291e-08;-5.64962e-05; 2.49622e-03;-5.09965e-03; 2.50524e-03; 5.37765e-04; 8.41430e-06;-6.85428e-05; 5.07679e-03; 5.98614e+01; 2.82843e-04; 0.00000e+00; 2.82843e-04
 6.20988e+01; 0.00000e+00; 6.20510e+01;-7.44308e-01; 5.44842e-02; 6.94751e-02; 3.09661e-03;-5.39682e-03; 3.09667e-03; 4.41541e-04; 1.70850e-08;-5.83696e-05; 2.58733e-03;-5.27676e-03; 2.59676e-03; 5.57105e-04; 8.43867e-06;-7.07570e-05; 5.25607e-03; 6.20885e+01; 2.82843e-04; 0.00000e+00; 2.82843e-04
 6.22390e+01; 0.00000e+00; 6.20486e+01;-8.48097e-01; 1.17331e-01; 8.62442e-02; 3.34350e-03;-5.88199e-03; 3.34358e-03; 4.88169e-04; 2.06895e-08;-6.39642e-05; 2.83315e-03;-5.76159e-03; 2.84405e-03; 6.04404e-04; 7.80280e-06;-7.64793e-05; 5.74438e-03; 6.21619e+01; 2.82843e-04; 0.00000e+00; 2.82843e-04
 6.25612e+01;-2.03791e-02; 6.23839e+01;-9.84132e-01; 1.91811e-01; 9.18697e-02; 3.69579e-03;-6.54412e-03; 3.69589e-03; 5.48517e-04; 2.56303e-08;-7.05689e-05; 3.17578e-03;-6.42969e-03; 3.18711e-03; 6.71895e-04; 8.66607e-06;-8.33427e-05; 6.41942e-03; 6.25175e+01; 2.82843e-04; 0.00000e+00; 2.82843e-04
 6.27764e+01;-3.39937e-03; 6.26796e+01;-8.52641e-01; 1.45759e-01; 1.52858e-01; 3.86749e-03;-6.83937e-03; 3.86760e-03; 5.75349e-04; 2.75630e-08;-7.23738e-05; 3.33617e-03;-6.73428e-03; 3.34752e-03; 7.02725e-04; 9.45967e-06;-8.60601e-05; 6.72989e-03; 6.27499e+01; 2.82843e-04; 0.00000e+00; 2.82843e-04
 6.37509e+01;-9.33738e-02; 6.35203e+01;-1.02784e+00; 4.94846e-02;-6.31816e-03; 4.08537e-03;-7.22030e-03; 4.08549e-03; 6.05950e-04; 3.12816e-08;-7.80208e-05; 3.53728e-03;-7.12112e-03; 3.55077e-03; 7.40957e-04; 1.07013e-05;-9.06686e-05; 7.12317e-03; 6.37542e+01; 2.82843e-04; 0.00000e+00; 2.82843e-04
 6.47228e+01; 1.99089e-02; 6.45250e+01;-1.08491e+00; 1.29015e-01; 8.24748e-02; 4.43740e-03;-7.83144e-03; 4.43755e-03; 6.58260e-04; 3.64811e-08;-8.38127e-05; 3.86684e-03;-7.74582e-03; 3.88154e-03; 8.04868e-04; 1.27604e-05;-9.75511e-05; 7.76081e-03; 6.46321e+01; 2.82843e-04; 0.00000e+00; 2.82843e-04
 6.57316e+01;-4.29153e-06; 6.54226e+01;-1.15335e+00; 9.91157e-02; 1.56694e-01; 4.69255e-03;-8.27685e-03; 4.69271e-03; 6.94952e-04; 3.90386e-08;-8.49929e-05; 4.10387e-03;-8.19845e-03; 4.12074e-03; 8.50906e-04; 1.35495e-05;-9.91908e-05; 8.22208e-03; 6.56089e+01; 2.82843e-04; 0.00000e+00; 2.82843e-04
 6.58761e+01;-1.82538e-02; 6.55337e+01;-1.14547e+00; 1.05689e-01; 1.29926e-01; 4.85274e-03;-8.57054e-03; 4.85291e-03; 7.20451e-04; 4.15588e-08;-8.73039e-05; 4.26040e-03;-8.49415e-03; 4.27792e-03; 8.77526e-04; 1.38349e-05;-1.01304e-04; 8.52418e-03; 6.57544e+01; 2.82843e-04; 0.00000e+00; 2.82843e-04
 6.81201e+01; 0.00000e+00; 6.77608e+01;-1.17245e+00; 1.08149e-01; 1.33383e-01; 4.91073e-03;-8.67152e-03; 4.91090e-03; 7.28475e-04; 4.23445e-08;-8.79840e-05; 4.30721e-03;-8.58378e-03; 4.32502e-03; 8.85724e-04; 1.38100e-05;-1.02012e-04; 8.61536e-03; 6.79722e+01; 2.82843e-04; 0.00000e+00; 2.82843e-04
 6.82195e+01; 0.00000e+00; 6.77327e+01;-1.24263e+00; 8.83943e-02; 1.32684e-01; 5.20525e-03;-9.23251e-03; 5.20545e-03; 7.78068e-04; 4.74350e-08;-9.23319e-05; 4.60092e-03;-9.14461e-03; 4.62004e-03; 9.35370e-04; 1.40098e-05;-1.06295e-04; 9.18623e-03; 6.80121e+01; 2.82843e-04; 0.00000e+00; 2.82843e-04
 6.84531e+01; 1.60270e-02; 6.79001e+01;-1.21016e+00; 5.70022e-02; 1.60685e-01; 5.50414e-03;-9.79307e-03; 5.50437e-03; 8.26721e-04; 5.24237e-08;-9.60924e-05; 4.89747e-03;-9.70534e-03; 4.91744e-03; 9.83847e-04; 1.46208e-05;-1.10259e-04; 9.75876e-03; 6.81951e+01; 2.82843e-04; 0.00000e+00; 2.82843e-04
 6.83251e+01;-2.91953e-02; 6.77893e+01;-1.17933e+00;-4.54378e-03; 1.44144e-01; 5.66454e-03;-1.00775e-02; 5.66478e-03; 8.50135e-04; 5.47462e-08;-9.76148e-05; 5.05249e-03;-9.99586e-03; 5.07297e-03; 1.01050e-03; 1.58390e-05;-1.11752e-04; 1.00564e-02; 6.81191e+01; 2.82843e-04; 0.00000e+00; 2.82843e-04
 6.95098e+01;-4.76837e-06; 6.88836e+01;-1.16780e+00;-2.04871e-01; 7.78030e-02; 5.91937e-03;-1.04988e-02; 5.91963e-03; 8.82168e-04; 5.80528e-08;-9.97972e-05; 5.28235e-03;-1.04300e-02; 5.30587e-03; 1.05184e-03; 1.82130e-05;-1.13964e-04; 1.05008e-02; 6.92294e+01; 2.82843e-04; 0.00000e+00; 2.82843e-04
 7.00907e+01;-1.05014e-01; 6.93717e+01;-1.17698e+00;-2.00717e-01; 1.30523e-01; 6.16755e-03;-1.09344e-02; 6.16782e-03; 9.16763e-04; 6.11154e-08;-1.01143e-04; 5.51697e-03;-1.08720e-02; 5.54263e-03; 1.09119e-03; 1.89325e-05;-1.15900e-04; 1.09532e-02; 6.98700e+01; 2.82843e-04; 0.00000e+00; 2.82843e-04
 7.11241e+01;-5.72205e-06; 7.02596e+01;-1.27139e+00;-2.90266e-01; 1.58927e-01; 6.51884e-03;-1.15381e-02; 6.51914e-03; 9.64052e-04; 6.59930e-08;-1.03925e-04; 5.84471e-03;-1.14892e-02; 5.87412e-03; 1.14758e-03; 2.01634e-05;-1.19255e-04; 1.15854e-02; 7.07324e+01; 2.82843e-04; 0.00000e+00; 2.82843e-04
 7.27618e+01; 2.73337e-02; 7.19182e+01;-1.23120e+00;-2.89766e-01; 1.14661e-02; 6.87001e-03;-1.21219e-02; 6.87034e-03; 1.01010e-03; 7.15333e-08;-1.07581e-04; 6.16285e-03;-1.20884e-02; 6.19574e-03; 1.20686e-03; 2.19948e-05;-1.21920e-04; 1.21993e-02; 7.23495e+01; 2.82843e-04; 0.00000e+00; 2.82843e-04
 0.00000e+00; 0.00000e+00; 0.00000e+00; 0.00000e+00; 0.00000e+00; 0.00000e+00; 0.00000e+00; 0.00000e+00; 0.00000e+00; 0.00000e+00; 0.00000e+00; 0.00000e+00; 0.00000e+00; 0.00000e+00; 0.00000e+00; 0.00000e+00; 0.00000e+00; 0.00000e+00; 0.00000e+00; 0.00000e+00; 0.00000e+00;-2.82843e-04; 2.82843e-04
-2.10265e-12;-7.04470e+00; 6.93686e+00;-3.25856e-16; 3.90182e-16; 0.00000e+00;-2.51066e-07;-7.07132e-05; 7.07082e-05; 0.00000e+00; 0.00000e+00; 0.00000e+00; 0.00000e+00; 0.00000e+00; 0.00000e+00; 0.00000e+00; 0.00000e+00; 0.00000e+00; 0.00000e+00; 1.21085e+01; 0.00000e+00;-2.82843e-04; 2.82843e-04
-2.80309e-12;-1.40904e+01; 1.38727e+01;-3.09603e-16; 1.64641e-16;-2.03202e-17;-4.96892e-07;-1.41431e-04; 1.41411e-04; 0.00000e+00; 0.00000e+00; 0.00000e+00; 0.00000e+00; 0.00000e+00; 0.00000e+00; 0.00000e+00; 0.00000e+00; 0.00000e+00; 0.00000e+00; 2.42170e+01; 0.00000e+00;-2.82843e-04; 2.82843e-04
-2.80054e-12;-2.11371e+01; 2.08076e+01;-4.86095e-16;-2.65898e-17;-4.06418e-17;-7.37477e-07;-2.12155e-04; 2.12110e-04; 0.00000e+00; 0.00000e+00; 0.00000e+00; 0.00000e+00; 0.00000e+00; 0.00000e+00; 0.00000e+00; 0.00000e+00; 0.00000e+00; 0.00000e+00; 3.63255e+01; 0.00000e+00;-2.82843e-04; 2.82843e-04
-2.80309e-12;-2.81848e+01; 2.77415e+01;-4.88336e-16; 2.45458e-16;-4.06418e-17;-9.72823e-07;-2.82883e-04; 2.82803e-04; 0.00000e+00; 0.00000e+00; 0.00000e+00; 0.00000e+00; 0.00000e+00; 0.00000e+00; 0.00000e+00; 0.00000e+00; 0.00000e+00; 0.00000e+00; 4.84341e+01; 0.00000e+00;-2.82843e-04; 2.82843e-04
-3.06883e-02;-2.92504e+01; 2.87986e+01;-2.69030e-01;-1.29127e-01; 1.17663e-01;-5.67371e-07;-3.53616e-04; 3.53491e-04; 3.31749e-06; 1.59271e-06;-3.52253e-12; 1.14289e-06;-6.00837e-05; 5.98210e-05; 8.35078e-06; 3.98724e-06;-1.22627e-06; 6.94429e-05; 5.02754e+01; 0.00000e+00;-2.82843e-04; 2.82843e-04
-4.84288e-08;-3.01379e+01; 2.98877e+01;-7.22418e-01;-3.48358e-01; 3.04241e-01; 3.86567e-06;-7.07357e-04; 7.06857e-04; 2.71088e-05; 1.32751e-05;-2.39915e-10; 6.62222e-06;-4.04349e-04; 4.02704e-04; 4.05240e-05; 1.95715e-05;-3.55067e-06; 4.66713e-04; 5.20050e+01; 0.00000e+00;-2.82843e-04; 2.82843e-04
 3.35276e-08;-3.01072e+01; 2.99196e+01;-7.89985e-01;-3.79340e-01; 3.27442e-01; 8.56951e-06;-1.06122e-03; 1.06010e-03; 5.20674e-05; 2.55446e-05;-8.86699e-10; 1.14902e-05;-7.58364e-04; 7.55781e-04; 6.61951e-05; 3.21457e-05;-3.79242e-06; 8.75278e-04; 5.20101e+01; 0.00000e+00;-2.82843e-04; 2.82843e-04
 2.40674e-04;-3.04982e+01; 3.01651e+01;-6.66090e-01;-3.22717e-01; 2.76033e-01; 1.19623e-05;-1.41522e-03; 1.41321e-03; 7.18792e-05; 3.53651e-05;-1.69469e-09; 1.72468e-05;-1.10964e-03; 1.10573e-03; 9.92000e-05; 4.84066e-05;-5.21448e-06; 1.28071e-03; 5.25540e+01; 0.00000e+00;-2.82843e-04; 2.82843e-04
 7.55445e-03;-3.10149e+01; 3.06769e+01;-7.15499e-01;-3.55153e-01; 2.97906e-01; 1.61496e-05;-1.76933e-03; 1.76621e-03; 9.35471e-05; 4.62850e-05;-2.88658e-09; 2.32321e-05;-1.45901e-03; 1.45338e-03; 1.30164e-04; 6.39835e-05;-6.57617e-06; 1.68367e-03; 5.34473e+01; 0.00000e+00;-2.82843e-04; 2.82843e-04
 7.56485e-03;-3.15848e+01; 3.12056e+01;-7.75723e-01;-3.87028e-01; 2.95866e-01; 2.03357e-05;-2.12358e-03; 2.11907e-03; 1.13839e-04; 5.66871e-05;-4.30221e-09; 2.94958e-05;-1.80816e-03; 1.80057e-03; 1.61352e-04; 7.98717e-05;-7.91679e-06; 2.08624e-03; 5.44016e+01; 0.00000e+00;-2.82843e-04; 2.82843e-04
-7.34346e-03;-3.22705e+01; 3.18649e+01;-7.61406e-01;-3.87870e-01; 3.16601e-01; 2.51326e-05;-2.47795e-03; 2.47182e-03; 1.36577e-04; 6.85024e-05;-6.23734e-09; 3.59525e-05;-2.15624e-03; 2.14639e-03; 1.91572e-04; 9.54912e-05;-9.11410e-06; 2.48738e-03; 5.55656e+01; 0.00000e+00;-2.82843e-04; 2.82843e-04
 1.66707e-07;-3.26070e+01; 3.22098e+01;-8.19668e-01;-4.21488e-01; 3.32866e-01; 3.06540e-05;-2.83244e-03; 2.82443e-03; 1.59899e-04; 8.08214e-05;-8.61566e-09; 4.22758e-05;-2.50756e-03; 2.49551e-03; 2.19842e-04; 1.10341e-04;-9.88192e-06; 2.89223e-03; 5.61590e+01; 0.00000e+00;-2.82843e-04; 2.82843e-04
 7.98759e-03;-3.31560e+01; 3.26990e+01;-8.11616e-01;-4.21970e-01; 3.22472e-01; 3.57519e-05;-3.18706e-03; 3.17693e-03; 1.81569e-04; 9.24437e-05;-1.11902e-08; 4.91563e-05;-2.85738e-03; 2.84271e-03; 2.50444e-04; 1.26623e-04;-1.09647e-05; 3.29519e-03; 5.70573e+01; 0.00000e+00;-2.82843e-04; 2.82843e-04
 6.76022e-03;-3.36126e+01; 3.30850e+01;-7.70195e-01;-4.07884e-01; 3.12934e-01; 4.09216e-05;-3.54181e-03; 3.52930e-03; 2.03070e-04; 1.04100e-04;-1.40934e-08; 5.66276e-05;-3.20850e-03; 3.19074e-03; 2.82826e-04; 1.44038e-04;-1.23184e-05; 3.69945e-03; 5.77847e+01; 0.00000e+00;-2.82843e-04; 2.82843e-04
-4.43772e-02;-3.41295e+01; 3.34196e+01;-7.29435e-01;-3.92836e-01; 2.83554e-01; 4.52599e-05;-3.89668e-03; 3.88154e-03; 2.20664e-04; 1.13771e-04;-1.67372e-08; 6.50149e-05;-3.55997e-03; 3.53848e-03; 3.19747e-04; 1.64182e-04;-1.45229e-05; 4.10392e-03; 5.85197e+01; 0.00000e+00;-2.82843e-04; 2.82843e-04
 5.53788e-02;-3.46674e+01; 3.40220e+01;-7.67165e-01;-4.18208e-01; 2.89802e-01; 5.03113e-05;-4.25168e-03; 4.23366e-03; 2.38067e-04; 1.23419e-04;-1.95886e-08; 7.39908e-05;-3.91015e-03; 3.88442e-03; 3.57351e-04; 1.84799e-04;-1.69462e-05; 4.50663e-03; 5.95093e+01; 0.00000e+00;-2.82843e-04; 2.82843e-04
 1.79512e-02;-3.51877e+01; 3.45244e+01;-7.77593e-01;-4.30314e-01; 3.18618e-01; 5.61606e-05;-4.60681e-03; 4.58566e-03; 2.59291e-04; 1.35380e-04;-2.34027e-08; 8.24182e-05;-4.26078e-03; 4.23091e-03; 3.88408e-04; 2.02124e-04;-1.83576e-05; 4.90969e-03; 6.03955e+01; 0.00000e+00;-2.82843e-04; 2.82843e-04
-2.13531e-02;-3.56544e+01; 3.49231e+01;-8.32954e-01;-4.60094e-01; 3.23491e-01; 6.21649e-05;-4.96206e-03; 4.93754e-03; 2.80312e-04; 1.47501e-04;-2.75653e-08; 9.09025e-05;-4.61223e-03; 4.57815e-03; 4.19334e-04; 2.19627e-04;-1.95107e-05; 5.31367e-03; 6.11476e+01; 0.00000e+00;-2.82843e-04; 2.82843e-04
 4.02205e-02;-3.62403e+01; 3.55017e+01;-7.92407e-01;-4.47952e-01; 3.12986e-01; 6.87324e-05;-5.31744e-03; 5.28929e-03; 3.01644e-04; 1.59766e-04;-3.21297e-08; 9.96344e-05;-4.96241e-03; 4.92386e-03; 4.50569e-04; 2.37469e-04;-2.07209e-05; 5.71605e-03; 6.21541e+01; 0.00000e+00;-2.82843e-04; 2.82843e-04
-1.17957e-02;-3.67657e+01; 3.59677e+01;-8.93067e-01;-5.17802e-01; 3.15801e-01; 7.50029e-05;-5.67294e-03; 5.64091e-03; 3.21694e-04; 1.71442e-04;-3.67698e-08; 1.08991e-04;-5.31364e-03; 5.27013e-03; 4.83572e-04; 2.56518e-04;-2.22071e-05; 6.11942e-03; 6.30179e+01; 0.00000e+00;-2.82843e-04; 2.82843e-04
 8.74183e-03;-3.73191e+01; 3.65562e+01;-9.53506e-01;-5.55005e-01; 3.35631e-01; 8.20965e-05;-6.02857e-03; 5.99241e-03; 3.42742e-04; 1.84197e-04;-4.20904e-08; 1.17931e-04;-5.66395e-03; 5.61556e-03; 5.12909e-04; 2.73887e-04;-2.31887e-05; 6.52166e-03; 6.40102e+01; 0.00000e+00;-2.82843e-04; 2.82843e-04
 1.83866e-03;-3.77138e+01; 3.69307e+01;-9.55799e-01;-5.51184e-01; 3.41511e-01; 8.96095e-05;-6.38433e-03; 6.34379e-03; 3.65522e-04; 1.97992e-04;-4.82498e-08; 1.26910e-04;-6.01627e-03; 5.96291e-03; 5.41320e-04; 2.90834e-04;-2.38951e-05; 6.92613e-03; 6.46762e+01; 0.00000e+00;-2.82843e-04; 2.82843e-04
-9.49694e-03;-3.81321e+01; 3.72700e+01;-9.32499e-01;-5.55827e-01; 3.40617e-01; 9.72228e-05;-6.74022e-03; 6.69505e-03; 3.88070e-04; 2.11604e-04;-5.47483e-08; 1.36230e-04;-6.36885e-03; 6.31020e-03; 5.70347e-04; 3.08332e-04;-2.46675e-05; 7.33075e-03; 6.53312e+01; 0.00000e+00;-2.82843e-04; 2.82843e-04
 0.00000e+00; 0.00000e+00; 0.00000e+00; 0.00000e+00; 0.00000e+00; 0.00000e+00; 0.00000e+00; 0.00000e+00; 0.00000e+00; 0.00000e+00; 0.00000e+00; 0.00000e+00; 0.00000e+00; 0.00000e+00; 0.00000e+00; 0.00000e+00; 0.00000e+00; 0.00000e+00; 0.00000e+00; 0.00000e+00; 2.82843e-04; 0.00000e+00;-2.82843e-04
 6.82659e+00;-2.06612e-12;-6.89694e+00;-1.05868e-17;-1.46507e-16;-1.51120e-16; 7.07082e-05;-1.62241e-07;-7.07132e-05; 0.00000e+00; 0.00000e+00; 0.00000e+00; 0.00000e+00; 0.00000e+00; 0.00000e+00; 0.00000e+00; 0.00000e+00; 0.00000e+00; 0.00000e+00; 1.18850e+01; 2.82843e-04; 0.00000e+00;-2.82843e-04
 1.36522e+01;-2.75413e-12;-1.37949e+01; 6.93001e-17;-2.35470e-16;-3.76899e-16; 1.41411e-04;-3.19304e-07;-1.41431e-04; 0.00000e+00; 0.00000e+00; 0.00000e+00; 0.00000e+00; 0.00000e+00; 0.00000e+00; 0.00000e+00; 0.00000e+00; 0.00000e+00; 0.00000e+00; 2.37700e+01; 2.82843e-04; 0.00000e+00;-2.82843e-04
 2.04768e+01;-2.75358e-12;-2.06939e+01; 8.19810e-17;-3.08717e-16;-5.72294e-16; 2.12110e-04;-4.71186e-07;-2.12155e-04; 0.00000e+00; 0.00000e+00; 0.00000e+00; 0.00000e+00; 0.00000e+00; 0.00000e+00; 0.00000e+00; 0.00000e+00; 0.00000e+00; 0.00000e+00; 3.56550e+01; 2.82843e-04; 0.00000e+00;-2.82843e-04
 2.73004e+01;-2.75624e-12;-2.75938e+01; 7.30437e-17;-3.50585e-16;-3.46610e-16; 2.82803e-04;-6.17890e-07;-2.82883e-04; 0.00000e+00; 0.00000e+00; 0.00000e+00; 0.00000e+00; 0.00000e+00; 0.00000e+00; 0.00000e+00; 0.00000e+00; 0.00000e+00; 0.00000e+00; 4.75400e+01; 2.82843e-04; 0.00000e+00;-2.82843e-04
 2.86040e+01; 1.24182e-03;-2.90386e+01; 2.05822e-02; 8.17244e-02;-7.62375e-02; 3.53491e-04;-7.71364e-07;-3.53616e-04;-1.65987e-07; 6.86068e-14; 6.19988e-07; 5.68380e-05;-4.56107e-07;-5.62624e-05;-4.90923e-07;-8.26857e-07; 1.83885e-06; 6.53114e-05; 4.99209e+01; 2.82843e-04; 0.00000e+00;-2.82843e-04
 3.06394e+01;-2.08564e-04;-3.15645e+01; 5.04361e-02; 2.42430e-01;-1.81316e-01; 7.06857e-04;-9.40515e-07;-7.07357e-04;-1.83026e-06; 8.05722e-12; 6.60335e-06; 3.87864e-04;-1.76098e-06;-3.85352e-04;-2.46130e-06;-2.45281e-06; 8.91953e-06; 4.46455e-04; 5.38747e+01; 2.82843e-04; 0.00000e+00;-2.82843e-04
 3.28119e+01;-8.41133e-05;-3.40098e+01; 5.94032e-02; 2.87047e-01;-2.15864e-01; 1.06010e-03;-4.18356e-07;-1.06122e-03;-3.39335e-06; 2.78955e-11; 1.23309e-05; 7.17934e-04;-1.82538e-06;-7.14808e-04;-4.11539e-06;-2.90424e-06; 1.50113e-05; 8.27248e-04; 5.78759e+01; 2.82843e-04; 0.00000e+00;-2.82843e-04
 3.50496e+01;-8.36924e-05;-3.64391e+01; 6.62861e-02; 3.22669e-01;-2.37058e-01; 1.41321e-03; 4.11866e-07;-1.41521e-03;-4.99060e-06; 5.99703e-11; 1.80250e-05; 1.04742e-03;-1.37085e-06;-1.04434e-03;-5.78165e-06;-3.26465e-06; 2.09322e-05; 1.20775e-03; 6.19189e+01; 2.82843e-04; 0.00000e+00;-2.82843e-04
 3.73156e+01;-5.88596e-05;-3.88637e+01; 7.19688e-02; 3.58380e-01;-2.55833e-01; 1.76621e-03; 1.46986e-06;-1.76933e-03;-6.63597e-06; 1.04882e-10; 2.37076e-05; 1.37658e-03;-6.03640e-07;-1.37395e-03;-7.48310e-06;-3.62596e-06; 2.68184e-05; 1.58811e-03; 6.59823e+01; 2.82843e-04; 0.00000e+00;-2.82843e-04
 3.96072e+01;-1.08764e-04;-4.13018e+01; 7.90570e-02; 3.94179e-01;-2.72792e-01; 2.11907e-03; 2.70769e-06;-2.12357e-03;-8.30322e-06; 1.62854e-10; 2.94200e-05; 1.70539e-03; 3.76283e-07;-1.70352e-03;-9.22026e-06;-3.98817e-06; 3.27175e-05; 1.96823e-03; 7.00795e+01; 2.82843e-04; 0.00000e+00;-2.82843e-04
 4.19030e+01;-2.29776e-05;-4.37416e+01; 8.51744e-02; 4.31014e-01;-2.90459e-01; 2.47182e-03; 4.12786e-06;-2.47794e-03;-1.00053e-05; 2.34429e-10; 3.51459e-05; 2.03403e-03; 1.54370e-06;-2.03319e-03;-1.09816e-05;-4.36085e-06; 3.86395e-05; 2.34833e-03; 7.41817e+01; 2.82843e-04; 0.00000e+00;-2.82843e-04
 4.42088e+01;-3.31625e-05;-4.61920e+01; 9.20608e-02; 4.70128e-01;-3.07768e-01; 2.82443e-03; 5.71331e-06;-2.83244e-03;-1.17455e-05; 3.20137e-10; 4.08840e-05; 2.36244e-03; 2.87657e-06;-2.36288e-03;-1.27884e-05;-4.75659e-06; 4.45719e-05; 2.72830e-03; 7.83018e+01; 2.82843e-04; 0.00000e+00;-2.82843e-04
 4.65132e+01;-1.94013e-05;-4.86449e+01; 9.87687e-02; 5.09683e-01;-3.25411e-01; 3.17693e-03; 7.47363e-06;-3.18705e-03;-1.35284e-05; 4.20517e-10; 4.66258e-05; 2.69073e-03; 4.37370e-06;-2.69268e-03;-1.46353e-05;-5.15680e-06; 5.05136e-05; 3.10827e-03; 8.24231e+01; 2.82843e-04; 0.00000e+00;-2.82843e-04
 4.88464e+01;-2.60398e-05;-5.11283e+01; 1.06209e-01; 5.52192e-01;-3.42842e-01; 3.52930e-03; 9.36320e-06;-3.54180e-03;-1.54124e-05; 5.37433e-10; 5.23050e-05; 3.01860e-03; 5.99733e-06;-3.02230e-03;-1.65899e-05;-5.58690e-06; 5.63921e-05; 3.48789e-03; 8.65957e+01; 2.82843e-04; 0.00000e+00;-2.82843e-04
 5.11948e+01;-3.82960e-05;-5.36310e+01; 1.17857e-01; 5.98312e-01;-3.57184e-01; 3.88154e-03; 1.14002e-05;-3.89667e-03;-1.73451e-05; 6.70427e-10; 5.79779e-05; 3.34617e-03; 7.75914e-06;-3.35185e-03;-1.86357e-05;-6.05352e-06; 6.22342e-05; 3.86730e-03; 9.07983e+01; 2.82843e-04; 0.00000e+00;-2.82843e-04
 5.35163e+01;-3.48687e-05;-5.61193e+01; 1.24142e-01; 6.38279e-01;-3.76035e-01; 4.23367e-03; 1.36541e-05;-4.25167e-03;-1.92228e-05; 8.17141e-10; 6.37629e-05; 3.67387e-03; 9.70431e-06;-3.68172e-03;-2.05708e-05;-6.45789e-06; 6.82377e-05; 4.24696e-03; 9.49650e+01; 2.82843e-04; 0.00000e+00;-2.82843e-04
 5.58626e+01;-3.91901e-05;-5.86340e+01; 1.33005e-01; 6.85968e-01;-3.93547e-01; 4.58566e-03; 1.60435e-05;-4.60679e-03;-2.12240e-05; 9.82683e-10; 6.94501e-05; 4.00118e-03; 1.17821e-05;-4.01144e-03;-2.26549e-05;-6.94040e-06; 7.41310e-05; 4.62632e-03; 9.91764e+01; 2.82843e-04; 0.00000e+00;-2.82843e-04
 5.82193e+01;-4.06355e-05;-6.11660e+01; 1.37836e-01; 7.34671e-01;-4.14726e-01; 4.93754e-03; 1.85948e-05;-4.96204e-03;-2.33718e-05; 1.16877e-09; 7.50109e-05; 4.32824e-03; 1.40049e-05;-4.34113e-03;-2.48428e-05;-7.43316e-06; 7.99376e-05; 5.00551e-03; 1.03412e+02; 2.82843e-04; 0.00000e+00;-2.82843e-04
 6.05815e+01;-3.08454e-05;-6.37117e+01; 1.50281e-01; 7.83879e-01;-4.29533e-01; 5.28929e-03; 2.13235e-05;-5.31742e-03;-2.55104e-05; 1.37125e-09; 8.06279e-05; 4.65510e-03; 1.63842e-05;-4.67082e-03;-2.70991e-05;-7.93103e-06; 8.57362e-05; 5.38460e-03; 1.07664e+02; 2.82843e-04; 0.00000e+00;-2.82843e-04
 6.29800e+01;-4.35263e-05;-6.63005e+01; 1.67037e-01; 8.37162e-01;-4.41829e-01; 5.64091e-03; 2.42009e-05;-5.67292e-03;-2.76916e-05; 1.59213e-09; 8.62411e-05; 4.98144e-03; 1.88967e-05;-5.00022e-03;-2.94413e-05;-8.47015e-06; 9.15067e-05; 5.76321e-03; 1.11985e+02; 2.82843e-04; 0.00000e+00;-2.82843e-04
 6.53857e+01;-4.16338e-05;-6.89082e+01; 1.76926e-01; 8.86632e-01;-4.59904e-01; 5.99242e-03; 2.72778e-05;-6.02855e-03;-2.98967e-05; 1.83095e-09; 9.18622e-05; 5.30755e-03; 2.15795e-05;-5.32958e-03;-3.17360e-05;-8.97067e-06; 9.73474e-05; 6.14167e-03; 1.16329e+02; 2.82843e-04; 0.00000e+00;-2.82843e-04
 6.77886e+01;-4.04865e-05;-7.15242e+01; 1.83428e-01; 9.35627e-01;-4.81173e-01; 6.34380e-03; 3.05702e-05;-6.38430e-03;-3.21023e-05; 2.08671e-09; 9.75009e-05; 5.63354e-03; 2.44493e-05;-5.65901e-03;-3.39957e-05;-9.46639e-06; 1.03241e-04; 6.52011e-03; 1.20677e+02; 2.82843e-04; 0.00000e+00;-2.82843e-04
 7.02529e+01;-3.31998e-05;-7.42080e+01; 1.95340e-01; 9.94061e-01;-4.99076e-01; 6.69505e-03; 3.40003e-05;-6.74018e-03;-3.44850e-05; 2.36678e-09; 1.02946e-04; 5.95875e-03; 2.74435e-05;-5.98789e-03;-3.64862e-05;-1.00576e-05; 1.08907e-04; 6.89777e-03; 1.25138e+02; 2.82843e-04; 0.00000e+00;-2.82843e-04
