4.520000000000000000e+02, 6.000000000000000000e+00, 2.692307692307692487e+05, 1.153846153846153902e+05, 7.692307692307692196e+04, 8.633682431701114268e+00, 2.500000000000000000e+00, 0.000000000000000000e+00
6.000000000000000000e+01, 1.000000000000000000e+00, -1.000000000000000000e+00, -1.000000000000000000e+00, -1.000000000000000000e+00, -1.000000000000000000e+00, -1.000000000000000000e+00, -1.000000000000000000e+00
1.000000000000000000e+00, 0.000000000000000000e+00, 0.000000000000000000e+00, 0.000000000000000000e+00, 0.000000000000000000e+00, 0.000000000000000000e+00, 0.000000000000000000e+00, 0.000000000000000000e+00
0.000000000000000000e+00, 0.000000000000000000e+00, 0.000000000000000000e+00, 0.000000000000000000e+00, 0.000000000000000000e+00, -7.410634076285130267e-02, -2.648623986913866357e+00, -3.025324462219558530e-01
-1.777531100517100837e+00, -1.260580009681991007e-02, -2.323977812360848105e+00, -1.706460360833386355e-02, -3.074126465430444127e-02, -2.582747484724255346e-02, -1.110482851703457063e+00, -8.585883631663033394e-03
-1.301015465967216844e+00, -2.150252871579692599e-03, -3.739127871222430732e-01, -7.893748397479387613e+00, -5.346493532075361627e-02, -1.925137551216936194e+00, -5.520865874253496841e+00, -1.091925328784634774e-01
-1.793415919639431033e+00, -4.617683403796902231e-01, -3.633134032233035215e-01, -6.478094957803159915e-03, -2.276614123365536951e-02, -1.831431745375820874e+00, -4.190548318347116913e-02, -7.780456581335095656e+00
-2.515800801145308796e+00, -1.215210972464554617e-02, -6.340171408365811168e-01, -1.354012943945709146e+00, -3.225021945143952042e-03, -4.383783466029941150e-02, -5.354755662204005340e+00, -3.408914599024375769e-01
-1.258186042882918909e-01, -9.654919999762228144e-01, -3.270716689931715132e-02, -5.453227199368964641e-03, -1.686326473141864790e-01, -5.908430453257167425e-01, -1.875524379774796468e+00, -4.184780022248325015e-01
-2.448577875839720933e-02, -4.533724880593889735e-03, -2.171051832710315099e-01, -1.036287454674694297e+00, -3.389736953421623955e+00, -1.107520243629711576e-02, -2.159685044204383564e-01, -8.129723647231882344e-01
-7.581995844729950917e+00, -4.700991050057285570e+00, -3.509413882873712698e+00, -8.590549876121977846e+00, -1.935941954058014502e+00, -8.229929088974009543e-01, -2.584343032923485661e-01, -2.065421762511227693e-02
-2.060238295686067644e+00, -2.401179747695294381e-02, -4.740740265858628177e+00, -4.520919815744777748e-01, -4.197770642719134693e-01, -1.104574963010538369e+00, -1.927944019514482576e-01, -5.255926852682536676e+00
-2.299202187183138513e+00, -2.474357993328954564e+00, -2.434604797946840371e+00, -1.532464996926443446e+00, -6.355328224136298942e+00, -1.711298724339646027e+00, -4.241605455847292205e+00, -1.288207043504225602e-01
-1.671385174746325530e+00, -2.888088696623081209e+00, -2.014044186998675379e+00, -2.701403680639464344e+00, -1.636896783037173453e+00, -3.226990912423393087e+00, -1.442168943637504039e-03, -3.076987320934511327e+00
-8.615627336748237219e-01, -2.214591028903414749e+00, -3.672512497152494504e+00, -1.913704347648309101e+00, -3.746997621671262824e+00, -9.044825910857706708e-01, -2.153682602920307110e-01, -3.566228566991813231e+00
-1.019426839254460981e+00, -4.622208663965787778e+00, -3.920337300757601451e+00, -3.335721289673869716e+00, -2.769377522847491502e+00, -3.911505607585855859e+00, -2.769302788881451427e+00, -2.297809077320754234e+00
-2.418337080681148166e+00, -2.408025776008130503e+00, -5.295551693866151766e-01, -6.987999306986200296e-03, -2.918803192445885930e+00, -1.381810462125893313e+00, -5.214478255022712005e+00, -4.697189253884376470e+00
-1.137816653504448716e-01, -4.304445392384994129e+00, -5.562077223712559970e+00, -2.502735691841454280e+00, -1.941276270954694461e+00, -6.721529447565316451e-01, -2.706760080346482411e+00, -2.799063302492778238e+00
-4.361335362815756955e-01, -6.125976375781195804e-01, -2.591318092560746855e+00, -1.502043849211809556e+00, -1.022798909493502384e+00, -3.034296332573259480e+00, -4.580909732749542052e+00, -1.470679997407181361e+00
-1.876678033045140914e+00, -5.084382064085990471e+00, -1.563525528328239877e+00, -7.963880397175010506e-01, -6.036249206125805511e-01, -3.053595628950573015e+00, -2.262891114397445946e+00, -2.794171443271343591e+00
-1.827962449089699737e+00, -2.957495925082792798e+00, -7.189520135050649907e-01, -2.277417848012061874e-01, -2.108754615500370910e+00, -2.694769584976466792e+00, -2.784398565579221607e+00, -5.042992084393060459e+00
-1.740037103625290960e-01, -1.884929327356499540e+00, -2.630305217410720431e+00, -4.244060589433758857e+00, -2.405626005072809104e+00, -2.057367689007145728e-01, -1.646692328643592829e+00, -1.199574797142713312e+00
-2.794341909509617250e-01, -2.506066353679268666e+00, -3.536867708079851180e+00, -2.266728994639496619e+00, -1.415140346591712950e+00, -1.573194057920412225e+00, -2.551482446628464906e+00, -1.034676267658452220e+00
-3.187038252292376583e+00, -4.534145400545767091e-01, -2.822682926830129002e+00, -3.552824754250629713e-01, -3.883706329040733513e-02, -3.002929360731933173e+00, -3.280746615193648630e+00, -1.405461642012443058e+00
-6.473888402524324848e-01, -3.503849455882104835e-02, -8.127589505117034374e-01, -1.953735333398083585e+00, -1.767653020103880299e-02, -3.927567857336360380e+00, -5.407251485370624167e+00, -2.141337911463168098e+00
-3.460779500986947088e+00, -2.250968315688742560e+00, -3.503758877379230086e+00, -3.210018995455021784e+00, -1.506599870929862250e+00, -1.934626387690546068e+00, -4.055556536174049764e-01, -2.825503535281528311e+00
-3.503521645870469658e+00, -3.746756834546912440e+00, -2.044552820106268598e+00, -3.829410870805596279e+00, -8.250045514785107059e-01, -2.092228581753579508e+00, -2.424596946789137952e+00, -4.048971370756572763e-01
-5.325186368165280015e-01, -6.058394225496215313e+00, -3.116619123600356200e+00, -2.336258138340539858e+00, -8.748978846925316022e-01, -7.017617493817138730e-01, -2.072053648460755737e-01, -1.341399335677789795e+00
-1.009813719565923584e+00, -2.732001156501681294e+00, -2.834678017518121873e+00, -5.676056480989679631e-01, -2.445117145780843604e+00, -2.544688432993339688e+00, -2.682848085927917126e+00, -1.417841146106893602e+00
-1.525684472313656892e+00, -9.561519860763070255e-01, -2.097918053393386995e+00, -7.224309161449573580e-01, -1.974098042298820355e+00, -3.783829539968372568e+00, -1.993671899065706077e+00, -4.758539382681715502e+00
-2.200216196923010958e+00, -3.615031363967662781e+00, -2.091960885147214622e-01, -3.301055987394455826e+00, 6.386217131139670933e-01, 2.663281457709639977e+00, 3.205205460160924336e+00, 4.997979857003938264e-02
5.219461388933236634e+00, 5.259649826567359965e-02, 1.218419697269296664e+00, 2.613478642927759277e-02, 1.320764039452497485e-01, 1.115835943190858631e-01, 1.690682988291591915e-01, 5.293509503377819697e-02
3.517818549919024207e+00, 6.100578152572258550e-02, 6.953621260173307173e-01, 1.024511123120609435e-01, 1.149884562577229596e+00, 4.875691296027127031e+00, 5.667881973487514102e+00, 1.756141834045646499e+00
1.262426953091202175e-01, 6.122955856831006557e-03, 6.497748782777764687e-01, 4.318468735001214753e+00, 3.767658781004621926e-01, 5.297922459703626602e-02, 4.141371871518598896e-02, 2.550289925476076358e-01
3.425045277740585425e-01, 1.041728764460106149e-01, 4.186157762806264060e-02, 2.496356948871667480e-01, 3.914479532941854134e-01, 1.282592163302658239e-01, 3.490190022216319715e-02, 1.145874420197610793e-01
4.861912568606530094e-02, 3.371117888308178961e-02, 2.585101106164433907e-02, 2.889797136407417089e+00, 1.248446756049838291e-02, 2.052937815962596613e-02, 2.917340855238807415e-02, 3.290059568465945189e-02
5.232917959165235278e-01, 2.351750023519725286e+00, 1.305119148558335973e-03, 1.155804892227181926e-02, 1.292018563416205135e-01, 1.243329361245949949e+00, 7.534086907586088344e-01, 1.507671273102996756e-01
8.476599467371112029e-01, 3.516279530736409198e-01, 3.940264091327743134e+00, 1.645169456931938168e+00, 1.613852057981978616e+00, 1.459213032384676811e+00, 3.698824118420161344e+00, 2.262509136694176526e+00
2.398469261818097831e+00, 3.018546697648904598e+00, 3.448720898379271649e+00, 4.269923698397191991e+00, 1.101052712096629360e+00, 4.143574293161546684e+00, 1.132962886276747794e+00, 2.146759071853306278e+00
4.320461568672643304e-01, 3.181329026819675221e+00, 2.933606198722364056e+00, 1.480196816737477050e+00, 1.342607410325473261e+00, 2.646559427499842077e+00, 7.464645297448724293e-01, 3.386498213973453630e+00
1.457808670691588038e+00, 2.560742695849295703e-01, 6.583924792099864476e-01, 1.088158193709801047e+00, 1.206724748812680215e+00, 2.218518386048782265e+00, 6.176032431376825976e-02, 2.758367687052005746e+00
4.878621964340298156e+00, 3.739546500358001957e+00, 3.610058813494939844e+00, 5.362114558658884755e-01, 2.580760571243436274e+00, 4.744003921234135390e+00, 5.969429821074921927e-01, 1.645316238670120113e+00
1.246115492296468563e+00, 7.281179498829879471e-01, 1.214110476424385521e+00, 3.638109108946662840e+00, 4.777090668877176372e-01, 3.438549653835044406e+00, 2.036742824860386047e+00, 5.306844248580584456e+00
4.824227174608906488e+00, 1.603523611466611598e+00, 1.172687675135719365e+00, 4.308981744653596735e+00, 2.523086683347587122e+00, 7.816294791362669026e-01, 1.447140524240896564e+00, 3.229699512589962129e+00
2.419207873662997610e+00, 8.194822425161188972e-01, 1.529732597742437861e+00, 3.582842365814964847e+00, 1.154385741612315552e+00, 8.327792488557859141e-01, 1.548249838838850811e+00, 2.563771680515722906e+00
1.945416719182245791e+00, 1.690832522069666277e+00, 2.283787536415867514e+00, 2.983720366386855893e+00, 3.573316560204668146e+00, 1.335841816127102843e+00, 3.417802285603958712e+00, 6.517324448052649322e-01
1.242888924535985540e+00, 2.598478247922519913e-02, 6.369104157838225699e-01, 3.559422857062032985e+00, 2.653870253131821677e+00, 2.062643457816999870e+00, 2.346125177435467002e+00, 2.367774983989685555e+00
2.703446019235874243e+00, 6.084030246694204225e-01, 8.307534482251727193e-01, 1.967984215313803853e-01, 1.634869859879220177e+00, 2.406125493745865374e+00, 1.929405520552122555e+00, 5.323506937446131904e-01
3.074179769781962612e+00, 2.293257974038435787e+00, 4.388665109161782318e+00, 1.280068123518246059e+00, 3.028001272231133356e+00, 2.685754468306424059e+00, 4.246486861395283086e+00, 2.208106208716705154e+00
9.696237678778358848e-01, 2.286947244237200749e+00, 9.300236950050410067e-01, 7.438483517176062154e-01, 1.595012303064563541e+00, 1.213572103342813735e+00, 1.633711351990732696e+00, 1.745412490549890450e+00
3.353528888551567277e+00, 2.291435305283458401e+00, 2.110228792340067994e+00, 1.573789277777705997e-01, 1.443461608219400505e+00, 2.254835634203078421e+00, 2.363729423625501092e+00, 2.637814325825963202e+00
1.776839136472341041e+00, 1.088870669233126476e+00, 1.079042632364156873e+00, 3.637980509717942734e+00, 1.291722751339257735e+00, 4.126351493796151182e+00, 2.332240219908072731e+00, 7.109196791988591224e-01
4.993362183949851540e-01, 1.953034633228708739e+00, 1.014299565391137081e+00, 2.257630952713717831e-01, 5.934039802758115378e-01, 6.838309261973798403e-01, 5.754432424944648794e-01, 4.235951325878673401e+00
4.654299941759700410e+00, 1.592432945190226601e+00, 7.205717464561740560e-01, 3.953733096265825253e+00, 2.349472326335857897e+00, 3.958842538346646567e+00, 4.285671347390342056e+00, 2.654470808779886948e+00
1.153282576780212620e+00, 2.829058387155658494e+00, 3.353561653109568663e+00, 2.316086143844036549e+00, 2.119170447126495826e+00, 2.337330203190282951e+00, 2.324476825230590293e+00, 3.639261040885108045e+00
1.058848095509661302e+00, 1.163128522768083650e+00, 1.678025155034457150e+00, 2.496220383821514233e+00, 4.591447916264873363e+00, 2.386397140144766560e+00, 1.747305534213958733e+00, 4.282738656238805341e-01
1.228922397822967798e-02, 5.222315704229764322e+00, 3.719019555654256237e+00, 1.889601365844117975e+00, 1.444750857356026819e+00, 7.035981448483805689e-01, 1.320682547367566517e+00, 1.018455134972223730e-01
2.284563376841905580e+00, 1.597961767495723828e+00, 7.955140519353244288e-01, 2.951023695217566800e+00, 2.712046933435277918e+00, 1.243390048723079788e+00, 1.615591335963078468e+00, 3.506435026269075106e+00
1.843873372396837296e-01, 2.578895547766165031e+00, 3.314681340179183255e+00, 1.949415594609373636e+00, 1.170754669362962241e+00, 3.715932895397096036e-01, 2.345241584757683739e+00, 1.644151154152220018e+00
9.656091177480395915e-01, 1.439429182815848626e-02, 1.947041110936793773e+00, 3.823543390634069006e+00, 1.481639514717807415e+00, 2.968387525899463419e+00, 2.882750448639304519e+00, 1.627742152174986578e-01
3.106125265450315975e+00, -3.337959752399956570e-01, -3.337959752399956570e-01, 6.675919504799913140e-01, 0.000000000000000000e+00, 0.000000000000000000e+00, 0.000000000000000000e+00, -3.554986126889257969e-01
5.975154652766584418e-01, -2.420168525877326726e-01, 0.000000000000000000e+00, 0.000000000000000000e+00, 0.000000000000000000e+00, 2.554937877631112408e-02, 5.378224758533899363e-01, -5.633718546297008523e-01
0.000000000000000000e+00, 0.000000000000000000e+00, 0.000000000000000000e+00, -3.928021608141010063e-02, 5.631530066746807117e-01, -5.238727905932707429e-01, 0.000000000000000000e+00, 0.000000000000000000e+00
0.000000000000000000e+00, 2.054835000718803484e-01, 4.370252113672650762e-01, -6.425087114391454524e-01, 0.000000000000000000e+00, 0.000000000000000000e+00, 0.000000000000000000e+00, 1.967568743051797686e-01
4.430112670720319223e-01, -6.397681413772117187e-01, 0.000000000000000000e+00, 0.000000000000000000e+00, 0.000000000000000000e+00, 2.470887490698669697e-01, 4.067871110164136828e-01, -6.538758600862806247e-01
0.000000000000000000e+00, 0.000000000000000000e+00, 0.000000000000000000e+00, 3.271687812115046667e-01, 3.399022496048526021e-01, -6.670710308163572133e-01, 0.000000000000000000e+00, 0.000000000000000000e+00
0.000000000000000000e+00, 5.197821937475174403e-01, -5.255682283432305812e-01, 5.786034595713030783e-03, 0.000000000000000000e+00, 0.000000000000000000e+00, 0.000000000000000000e+00, -2.033774856570862988e-01
-4.384808594128580816e-01, 6.418583450699444359e-01, 0.000000000000000000e+00, 0.000000000000000000e+00, 0.000000000000000000e+00, 6.040994158784056545e-01, -6.619571208474910040e-02, -5.379037037936567067e-01
0.000000000000000000e+00, 0.000000000000000000e+00, 0.000000000000000000e+00, 4.806056317438613390e-01, 1.681836358260678510e-01, -6.487892675699291622e-01, 0.000000000000000000e+00, 0.000000000000000000e+00
0.000000000000000000e+00, 5.958248397930119289e-01, -4.335937982796520540e-01, -1.622310415133599859e-01, 0.000000000000000000e+00, 0.000000000000000000e+00, 0.000000000000000000e+00, 6.368908842902771816e-01
-2.289274077597728274e-01, -4.079634765305043542e-01, 0.000000000000000000e+00, 0.000000000000000000e+00, 0.000000000000000000e+00, 5.049921099028052973e-01, 1.328474935240874510e-01, -6.378396034268927206e-01
0.000000000000000000e+00, 0.000000000000000000e+00, 0.000000000000000000e+00, 6.175709406104019639e-01, -1.106396964155730162e-01, -5.069312441948288228e-01, 0.000000000000000000e+00, 0.000000000000000000e+00
0.000000000000000000e+00, 3.729958518545842816e-01, -5.940355730670916490e-01, 2.210397212125072841e-01, 0.000000000000000000e+00, 0.000000000000000000e+00, 0.000000000000000000e+00, 6.339783739780009419e-01
-3.119538813749450634e-01, -3.220244926030558785e-01, 0.000000000000000000e+00, 0.000000000000000000e+00, 0.000000000000000000e+00, 6.258941368948917061e-01, -1.457480706378753710e-01, -4.801460662570162796e-01
0.000000000000000000e+00, 0.000000000000000000e+00, 0.000000000000000000e+00, 4.191005351708242954e-01, -5.809873345176979065e-01, 1.618867993468736666e-01, 0.000000000000000000e+00, 0.000000000000000000e+00
0.000000000000000000e+00, 6.253834238235241871e-01, -3.569993217519454309e-01, -2.683841020715788117e-01, 0.000000000000000000e+00, 0.000000000000000000e+00, 0.000000000000000000e+00, 1.228174457949289256e-01
-5.873379786139117931e-01, 4.645205328189828675e-01, 0.000000000000000000e+00, 0.000000000000000000e+00, 0.000000000000000000e+00, 5.501130383124306356e-01, -4.973380401357602176e-01, -5.277499817667050119e-02
0.000000000000000000e+00, 0.000000000000000000e+00, 0.000000000000000000e+00, 6.148410870869046585e-01, -1.007074529496695542e-01, -5.141336341372351182e-01, 0.000000000000000000e+00, 0.000000000000000000e+00
0.000000000000000000e+00, 6.205708455116993871e-01, -3.741381644772754367e-01, -2.464326810344239782e-01, 0.000000000000000000e+00, 0.000000000000000000e+00, 0.000000000000000000e+00, 5.304156148418185390e-01
-5.165364107475960420e-01, -1.387920409422247099e-02, 0.000000000000000000e+00, 0.000000000000000000e+00, 0.000000000000000000e+00, 3.926276585808620712e-01, -5.892055952888818338e-01, 1.965779367080197626e-01
0.000000000000000000e+00, 0.000000000000000000e+00, 0.000000000000000000e+00, 6.262518762840124653e-01, -3.535137984584712512e-01, -2.727380778255411031e-01, 0.000000000000000000e+00, 0.000000000000000000e+00
0.000000000000000000e+00, 5.136852101054710795e-01, -5.303858981907629833e-01, 1.670068808529194884e-02, 0.000000000000000000e+00, 0.000000000000000000e+00, 0.000000000000000000e+00, -6.387045329110299652e-02
-5.201756971959994313e-01, 5.840461504871024001e-01, 0.000000000000000000e+00, 0.000000000000000000e+00, 0.000000000000000000e+00, 6.374306902870074953e-01, -2.423985538058368028e-01, -3.950321364811706371e-01
0.000000000000000000e+00, 0.000000000000000000e+00, 0.000000000000000000e+00, 1.610930919880992629e-01, -5.951250969931920487e-01, 4.340320050050928136e-01, 0.000000000000000000e+00, 0.000000000000000000e+00
0.000000000000000000e+00, 5.091831370222446029e-01, -5.337874891774737618e-01, 2.460435215522917621e-02, 0.000000000000000000e+00, 0.000000000000000000e+00, 0.000000000000000000e+00, -4.521215229068847180e-02
-5.290172051412506127e-01, 5.742293574319391469e-01, 0.000000000000000000e+00, 0.000000000000000000e+00, 0.000000000000000000e+00, 5.414723563051957456e-01, 7.301599869566897938e-02, -6.144883550008645168e-01
0.000000000000000000e+00, 0.000000000000000000e+00, 0.000000000000000000e+00, 5.694370967026675390e-02, -5.690684499665630280e-01, 5.121247402962961770e-01, 0.000000000000000000e+00, 0.000000000000000000e+00
0.000000000000000000e+00, -1.238714801467005050e-01, -4.884836254468981065e-01, 6.123551055935986254e-01, 0.000000000000000000e+00, 0.000000000000000000e+00, 0.000000000000000000e+00, 1.426324648205433698e-01
-5.916357751367303797e-01, 4.490033103161870653e-01, 0.000000000000000000e+00, 0.000000000000000000e+00, 0.000000000000000000e+00, -2.782833286480089763e-01, -3.821707525706722897e-01, 6.604540812186813215e-01
0.000000000000000000e+00, 0.000000000000000000e+00, 0.000000000000000000e+00, -1.329027598538708999e-01, -4.832739872731475761e-01, 6.161767471270186425e-01, 0.000000000000000000e+00, 0.000000000000000000e+00
0.000000000000000000e+00, -2.595124603706418509e-01, -3.971907869800946900e-01, 6.567032473507364854e-01, 0.000000000000000000e+00, 0.000000000000000000e+00, 0.000000000000000000e+00, -3.448078004470491731e-01
-3.234367643895890709e-01, 6.682445648366381885e-01, 0.000000000000000000e+00, 0.000000000000000000e+00, 0.000000000000000000e+00, -4.283449541001397853e-01, -2.349360361768303151e-01, 6.632809902769700727e-01
0.000000000000000000e+00, 0.000000000000000000e+00, 0.000000000000000000e+00, 2.025142482650119924e-01, 4.390754847201812083e-01, -6.415897329851930619e-01, 0.000000000000000000e+00, 0.000000000000000000e+00
0.000000000000000000e+00, -4.720747150745175369e-01, -1.798447350657397803e-01, 6.519194501402572062e-01, 0.000000000000000000e+00, 0.000000000000000000e+00, 0.000000000000000000e+00, -5.965584677668647196e-01
4.322225846508336300e-01, 1.643358831160311728e-01, 0.000000000000000000e+00, 0.000000000000000000e+00, 0.000000000000000000e+00, -4.752426095985547438e-01, -1.755533837954715848e-01, 6.507959933940263841e-01
0.000000000000000000e+00, 0.000000000000000000e+00, 0.000000000000000000e+00, -3.784491151462455738e-01, 5.927952904285759272e-01, -2.143461752823303812e-01, 0.000000000000000000e+00, 0.000000000000000000e+00
0.000000000000000000e+00, -5.935049053293763865e-01, 4.378259117293712421e-01, 1.556789936000050889e-01, 0.000000000000000000e+00, 0.000000000000000000e+00, 0.000000000000000000e+00, -6.318207415568772856e-01
3.263979697035815364e-01, 3.054227718532956937e-01, 0.000000000000000000e+00, 0.000000000000000000e+00, 0.000000000000000000e+00, -6.136500637920032641e-01, 9.654999648146268820e-02, 5.171000673105405898e-01
0.000000000000000000e+00, 0.000000000000000000e+00, 0.000000000000000000e+00, 3.897126880821574768e-02, 5.318687520750012832e-01, -5.708400208832170586e-01, 0.000000000000000000e+00, 0.000000000000000000e+00
0.000000000000000000e+00, -6.138916805522376396e-01, 3.937279133556302879e-01, 2.201637671966073240e-01, 0.000000000000000000e+00, 0.000000000000000000e+00, 0.000000000000000000e+00, -3.400453867473948177e-01
5.999863574862569493e-01, -2.599409707388620761e-01, 0.000000000000000000e+00, 0.000000000000000000e+00, 0.000000000000000000e+00, -5.566880936571309002e-01, -4.473105351554169246e-02, 6.014191471726725302e-01
0.000000000000000000e+00, 0.000000000000000000e+00, 0.000000000000000000e+00, -6.037808539751982062e-01, 4.177660133513754204e-01, 1.860148406238227581e-01, 0.000000000000000000e+00, 0.000000000000000000e+00
0.000000000000000000e+00, -4.327444985955615775e-01, 5.759068864080167938e-01, -1.431623878124551608e-01, 0.000000000000000000e+00, 0.000000000000000000e+00, 0.000000000000000000e+00, 1.576425575104805493e-02
5.420093846991899111e-01, -5.577736404502378065e-01, 0.000000000000000000e+00, 0.000000000000000000e+00, 0.000000000000000000e+00, -5.207765170045101089e-01, 5.247585166423577308e-01, -3.981999637847521284e-03
0.000000000000000000e+00, 0.000000000000000000e+00, 0.000000000000000000e+00, -6.213273902970659623e-01, 3.716488514169721258e-01, 2.496785388800937533e-01, 0.000000000000000000e+00, 0.000000000000000000e+00
0.000000000000000000e+00, -4.295019062152337641e-01, -2.335683737661239379e-01, 6.630702799813578130e-01, 0.000000000000000000e+00, 0.000000000000000000e+00, 0.000000000000000000e+00, 0.000000000000000000e+00
0.000000000000000000e+00, 0.000000000000000000e+00, 0.000000000000000000e+00, 0.000000000000000000e+00, 5.484827557301443779e-01, -2.423491192266000460e-01, 3.912716055250882730e-01, -1.489224862984882547e-01
-2.673869195254441888e-01, 2.839678097392717149e-01, -1.364040303389738584e-01, -2.384897925773335839e-04, 5.119158935051234538e-01, -5.116774037125459973e-01, 4.104079629383584893e-02, 2.705662185746419285e-02
1.909362766631287345e-01, -1.748812902042618800e-01, 1.610869580760593833e-01, 1.379433212820246023e-02, 2.501861492454290903e-01, -1.493278464556397067e-01, -4.301211076236323150e-01, -3.508654510165656187e-02
1.868682694404865119e-01, -1.517817243388299986e-01, -3.065669727704651848e-01, -4.156415446283471815e-01, -5.752974259933526374e-02, -2.697904312418887285e-01, 1.721056208761741896e-02, 2.525798691542712748e-01
-1.768161746232236042e-01, 3.582447789289416873e-01, 2.813187791652664860e-01, -1.416955495496491635e-01, 3.887869551041248095e-01, -2.470914055544756183e-01, 1.151682281125300106e-01, 7.630790928355409009e-02
-3.957184077237262954e-01, 7.815923213818097570e-02, 3.033448873826057324e-01, -3.815041195207867220e-01, 4.072961184644372512e-01, -1.349647289061365607e-01, -1.562896922329607557e-02, -1.034983488962721299e-01
1.526318066240955063e-01, -4.913345772782340415e-02, -2.857668470123123639e-01, -3.446274591750366767e-01, 2.830248806184506583e-01, 1.640231747892532954e-02, 3.216212171773435435e-01, -3.380235346562689425e-01
-7.085654810537277137e-02, 3.423427357609087340e-01, -2.659163924817956048e-01, -3.822592463343481572e-01, 1.599713190140902297e-01, 2.222879273202579553e-01, 3.607813224877392533e-01, 2.415220830371576644e-01
6.447422416339980422e-02, -1.506208052334646538e-02, 1.663477764955489657e-01, -1.512856959722025108e-01, 4.023930632464360335e-01, -6.591735516541041839e-02, 3.296918724632273423e-01, 1.430317341097376294e-01
2.360685721773142509e-01, -3.791003062870518248e-01, -2.568991745550853745e-01, -3.033779300595981221e-01, -2.040713139201764670e-01, -6.360834275561018381e-02, 2.121347070118725642e-01, -1.485263642562623942e-01
-1.425116561639928024e-02, 5.040351670900685699e-01, 9.344016594192691705e-02, 7.262614548652929214e-02, 2.232823902995857701e-01, -2.959085357861150900e-01, 1.744127044489755807e-01, 1.186610137630892126e-01
4.344629639653503350e-01, 7.459231640691746379e-02, 3.263259341719860762e-01, -4.009182505789035678e-01, -2.393514605394503059e-01, -2.964492796905963679e-01, 1.571390554941257678e-01, -5.265615636827412210e-02
-2.666368197668607040e-02, 7.931983834496018904e-02, 1.610324858314169522e-02, 3.193358373398978434e-01, -4.407596629038648128e-01, 2.882504394290398564e-02, 2.212109568632541767e-01, -2.500360008061581207e-01
3.955304263722402291e-01, 2.753155778406350951e-01, -1.175037574921772715e-01, 1.347813201761947077e-01, 2.114450551425759162e-01, -3.462263753187706516e-01, -4.296870958975536614e-01, 1.192807120368372803e-02
1.794507284535307445e-01, 1.103800311129816136e-01, 1.779867195127965429e-01, -2.883667506257782120e-01, 8.515620222299460917e-02, -4.827842690193591690e-01, -4.625485887058104761e-02, -6.444314062958753087e-02
-2.872857016837898625e-02, 9.317171079796653099e-02, 3.893046751712720965e-01, 2.792721872537811123e-01, 2.554177048267220473e-01, 1.116195996961254766e-01, 1.590884675536515802e-01, -2.707080672497770846e-01
-3.623649196584126653e-01, 6.116359438192409126e-02, -3.391989359706509832e-01, 3.031316843997350352e-01, 3.191994390056218101e-01, -6.223311234053569008e-01, -8.420661920386315891e-02, -1.781667919131579292e-01
1.839524656074791650e-03, 9.473356019989530308e-02, 8.580194560980693164e-02, -1.805355058097022625e-01, 3.889191046974495025e-01, 2.879415335148097221e-01, -2.114788429897677124e-01, 6.044090459909751134e-03
-6.587639724302256361e-02, 5.983230678311281941e-02, -4.987805023603281152e-01, 1.996744110576393061e-01, 9.015223818810823297e-02, 2.200506243307135679e-01, 1.404274379973066145e-01, -3.604780623280200991e-01
2.470038956061463859e-03, -9.105463864480302372e-02, 4.522338485944930042e-01, -1.392469415525330600e-01, -1.605398735670304222e-01, 2.997868151195634545e-01, 2.678161948320362806e-01, -3.555178329051500996e-01
-2.039787974982132934e-01, 1.714012407821527695e-01, 1.040332228141410409e-01, -2.754344635962938104e-01, -1.128519933448601797e-01, 9.330861133180287648e-02, 4.773496275769317787e-01, 3.264305308663962846e-01
-1.854319222337193762e-01, -1.409986086326768806e-01, 2.244640793823785563e-01, -1.390745886838201384e-01, -3.863234159579336247e-01, 2.478804830074045895e-01, 8.147451355895413139e-02, -3.293549965663587487e-01
3.491045443417463146e-01, -2.751047120572275850e-01, 1.586872320260877267e-01, -8.107957740408367267e-03, -4.850766832605492296e-02, 5.661562606646329543e-02, -1.650683309745746008e-01, 3.383381951649258590e-01
-3.954570111503456498e-01, 4.043914749772107298e-01, 3.644728920175503793e-03, -4.080362038973862626e-01, -1.798752029450440271e-01, 3.251975758736891930e-01, -1.198046782134568333e-01, 3.754372354360142050e-01
1.851018273851831319e-01, -5.605390628211973647e-01, 1.667539491064327639e-01, 1.490110618413056226e-03, 2.372940079415868375e-01, 1.199671046713796374e-01, -5.564765830641274502e-02, -6.431944636496687850e-02
3.714372951813052492e-01, -1.771304949335906209e-01, -3.475393648889616438e-01, 1.069881433102461421e-01, -2.227138799660037249e-01, 1.157257366557576106e-01, -5.974339850671440966e-02, 3.466875693038979356e-01
3.690944265446923223e-01, 3.831538868481741966e-01, -4.306911332205858034e-02, -3.400847735261156024e-01, 2.501122443946289797e-01, 5.490120205340796866e-02, -3.383542162582595103e-01, 1.921480090754048298e-01
-8.864174135997297810e-02, -1.035062677154318656e-01, -1.725901515162742983e-01, -3.626366814711728392e-01, 3.347840311593856533e-01, 3.708148025132163572e-01, 3.746488563208220934e-02, -4.082796881452985804e-01
1.927400515948269472e-02, 3.330046505940214008e-01, -2.308654321583841762e-01, -1.108715025198627434e-02, -2.549514525679844601e-01, 2.660386028199707709e-01, -1.800172241553227859e-01, -4.032509995540055070e-01
-1.960702427014614224e-01, 3.363921576919575163e-01, -1.599231367598953901e-01, -1.764690209320621261e-01, 8.232306855988352767e-02, 4.392578201295425089e-01, 1.293336744655944615e-01, 1.365717080304303943e-01
1.372729263717211746e-02, -1.502990006676025170e-01, 1.559479236571937322e-01, 6.035967035121298646e-02, -5.043762424417924661e-01, 2.650083354372713140e-01, -2.407033319759621648e-01, -2.430500346130913536e-02
-4.585898786464825960e-01, -6.625766371449420822e-02, -1.265887827491765649e-01, 4.622801181962740702e-01, -1.004207096886207962e-01, -3.618594085076533018e-01, -1.017185765600895492e-01, -3.005483169910627694e-01
1.867576929048930801e-01, 2.721433683023976036e-01, -1.330806325658543399e-01, -1.390627357365432637e-01, 4.526031789351236956e-01, 1.927628256863549716e-01, -5.859634529890901666e-02, 3.453391064612888472e-01
7.871526121297138523e-02, -4.240543676742602464e-01, -3.255551492402151692e-01, -1.029095509166754775e-02, 2.438549303334516805e-01, 3.558833465691437214e-01, -2.943440473038932415e-01, -6.153929926525043143e-02
-2.918718209601895569e-02, -2.211695868225879991e-01, -3.663892634414401828e-01, 2.222499224393957862e-01, -4.884800628656554150e-02, -1.734019161528302377e-01, 1.185983595764470988e-01, -4.984813841256878209e-01
-1.129564809987287921e-02, 4.712128943416565852e-01, -2.333185891849726967e-01, -2.378943051566839162e-01, -2.368932920025085542e-01, 3.833096085822561283e-02, -2.773532485376002943e-01, -8.651144522998012454e-02
-4.384723397869775274e-01, 5.249837850169576381e-01, 6.060885582940847560e-02, -2.548916278266821767e-01, 5.338592929887905209e-02, 2.190936292859611834e-01, -1.733052505139738575e-01, -4.578837877198730505e-02
1.882593512536048785e-01, -3.358853363799768621e-01, 3.312285094029712718e-01, 3.463805799682487807e-01, -1.690584897026723432e-01, -1.773220902655764375e-01, 7.717377340940462238e-02, -8.092077880850032101e-02
4.456611978350283887e-01, 6.654006379870311405e-02, -2.401289654856965661e-01, 1.735889016869934798e-01, 3.363603162934677426e-01, -3.449568567075667058e-01, -1.408391038272467921e-01, 2.953480611957763902e-01
-2.275320752419520975e-01, -6.781598595382434813e-02, -2.853945636277654407e-01, 3.558721698474472950e-01, 1.273613997581953539e-01, 2.367392635477090779e-01, -1.088516584919185931e-01, -1.278876050557904986e-01
4.070287158951117479e-01, -2.546598069958817545e-01, 1.692196651507944516e-01, 5.426500162587930554e-01, -4.076102684856295899e-01, -1.350397477731634377e-01, -1.253009117740558863e-02, 2.099659810210354194e-01
-4.872499269417263079e-02, 2.813167131535101451e-01, 1.530146686741544471e-01, -4.343313818276646754e-01, 2.955779869894082923e-01, -2.352936912150382920e-02, 2.895482968104132193e-01, 1.474059170625578175e-01
-1.615155089621644058e-01, 1.410959189960660741e-02, -4.155498654417813520e-01, -1.843702035168516551e-01, -2.599288951091530131e-01, 1.458763362816873910e-01, -5.771480500591241736e-02, -8.816153127577498749e-02
-6.682388571178377035e-02, -5.297214618344671111e-01, 3.942117616834384108e-03, 2.398863395161936196e-01, -4.175616271804124535e-01, 1.776752876642188339e-01, 5.213787781185481168e-02, 2.212663776004277216e-01
3.211563584863261211e-01, 4.000197951536652030e-01, -2.892168515147772179e-01, -1.108029436388879990e-01, 3.315490760108126822e-01, 2.521518857643775466e-02, -2.348745841713930083e-01, 2.771687421974640061e-02
-2.870479219016908723e-01, 2.593310476819444266e-01, -4.336048090423262336e-01, -1.824799483410526058e-01, 5.289816826996683596e-02, 2.242756970457981114e-01, -2.377377783056371097e-01, 1.346208125983898614e-02
-7.204099375359622470e-02, -3.330041026805015680e-01, 3.544260997932198731e-01, 4.222443951158648123e-01, -1.104306146345022943e-01, -3.118137804813624347e-01, 1.312608805118385402e-01, 3.285458367520723844e-01
-2.007692637375685374e-01, 2.240318383081325027e-01, -3.560927810638016000e-01, 1.320609427556691251e-01, 4.217975992545856534e-01, 7.176566483014443221e-02, 9.806833017835088484e-02, 2.132082737425196606e-01
-1.437778954451109648e-01, -6.943037829740866806e-02, -1.875759990924949216e-01, -7.020370552772221828e-02, 4.729266885347519489e-01, 1.141266110812212964e-01, -4.004336769825539433e-01, 2.863070659013325914e-01
-5.426070855133788978e-02, -3.816897007901166039e-01, -1.292001055807470988e-01, 3.320874110144309554e-01, -3.415784696570440815e-01, 9.491058642613063590e-03, 1.681944504670603302e-01, 3.528495793497660737e-01
1.511905010354959444e-01, 3.221104901317247138e-01, -4.894562725359469790e-01, 1.673457824042222930e-01, -2.837949257466780839e-01, -8.516398104705222294e-02, -7.887316317528877962e-02, 4.219075956300593067e-01
-2.478395601626205980e-01, -1.740680354674387087e-01, 7.405155568200584744e-03, -3.294845455664073830e-01, 2.328967167534035099e-01, 2.127843673819430070e-01, -2.100547624040318140e-01, -2.729604977911153155e-03
-4.741541310901470907e-01, 1.621655307090670017e-01, -2.445727355528543728e-02, -6.103649803145871217e-02, -3.792977718791620267e-01, 4.403342699106207458e-01, -2.031511180326662225e-01, -3.424179153721945007e-02
3.043845293164135768e-01, 2.901727523548152110e-01, -4.307915210862186539e-01, 1.406187687314034152e-01, 7.046993837881582179e-02, -2.341411914378741799e-01, -2.822886013533070781e-01, 1.174112085804278061e-01
-2.947134861570657738e-01, 1.773022775766379955e-01, -3.154510351904429855e-01, 1.819936665656811947e-01, 3.108400307283099573e-01, 4.538518708829222259e-01, -4.169011673592611378e-01, -3.695070352366103261e-02
-1.428271790644226880e-01, 1.842187867728264580e-02, -2.688373346174254275e-01, 2.323570835776231358e-01, -5.758986234428630224e-01, 3.435415398652398866e-01, -5.230832020892653422e-02, 7.337428559191379318e-02
1.396947726457861971e-01, 1.327774339764057135e-02, -1.124738471476526697e-01, 9.919610375001210179e-02, 4.117465261687296985e-01, -3.335081136132629909e-01, -9.195734807824548773e-02, 2.231923128814363722e-01
-3.178798131437621799e-01, 9.468750026232576611e-02, -2.188868608956949513e-01, 3.609170804907492758e-01, 1.831351898487958985e-01, -1.461067676844658714e-01, -2.404383414353025994e-01, 3.865451091197684708e-01
2.304365538797727500e-02, 9.615093115545993163e-02, -4.311966161311672208e-01, 1.742850958974745124e-01, -4.476211960342676988e-01, 2.733361001367932697e-01, 3.471125641022648756e-01, -1.041766850346319967e-01
-6.482192226552754843e-02, 1.461201261296396214e-01, -8.426768903755239848e-02, -6.185243709208720908e-02, -3.904924371362924473e-01, -2.906339660147130854e-01, 2.177485393798308244e-01, 3.327925244679599132e-02
-2.838504602092573048e-01, 2.505712077624612788e-01, -1.094032009576389464e-01, 3.526512438539683436e-01, -3.008165496106824932e-01, 3.582680285039226420e-01, -4.809239420051713565e-01, 1.226559135012487006e-01
1.554049704217368988e-01, 2.597841438233979838e-01, -1.504476495151525414e-02, -6.653438979403814013e-02, -2.751217890819996348e-01, 3.416561788760378859e-01, 3.522740734472524782e-01, -3.896475836277380617e-02
2.844255060310746930e-01, 1.427532510562034840e-01, -2.701889201787052025e-02, -1.157343590383329845e-01, -5.704693434464540303e-02, 5.292558961165595433e-01, 3.849860565242983063e-02, 2.448075232194147147e-02
-3.326039887655767857e-01, 3.081232364436353177e-01, 1.422639184054336203e-01, 1.853919533703999312e-01, 3.762622241487782460e-01, 1.184647168299306358e-01, -1.363950446355599866e-01, 1.793032780562935774e-02
4.933484859193655869e-01, 3.949455616700992509e-03, -1.977809354441625034e-01, 3.868540252312966526e-02, -1.229323577827061420e-01, 8.424695525957645592e-02, -1.021165257643192638e-02, -3.205917482106594441e-01
4.304593682774525698e-01, 1.000360761108820273e-01, -7.398007297759924550e-02, -2.605600313328277490e-02, -1.610427672306982416e-01, -1.112405998022944070e-01, -5.039494858727726623e-01, 4.343849813192637854e-02
-1.735518643282356055e-01, 1.301133661963091992e-01, 3.118941632585441881e-01, 3.621518890171745997e-01, 2.159027025945751688e-01, -1.058176264338140105e-01, -1.632175151328377760e-01, 2.690351415666517587e-01
-3.573508974619264977e-01, 7.769687243987243030e-02, -3.414121308487879092e-01, -7.618477521661951024e-02, -4.233039707056400758e-01, 4.994887459222595583e-01, -2.422906526562363660e-01, -1.665717007353114121e-01
-6.459897526429755898e-02, 1.318025785725136789e-01, -5.080178236209890487e-04, -1.312945607488926469e-01, 1.239935063429074280e-01, -4.071559871712124856e-01, 3.226476816086162325e-01, -7.278730144014475267e-02
-1.493177036888871101e-01, 2.221050051290318350e-01, 2.771116883370759454e-01, 3.379506198352590363e-01, -2.721637542831582546e-01, 1.797915578478017154e-02, -1.230336609892879601e-01, 1.050545052045077782e-01
-4.947821085041493316e-01, 2.055749262524259602e-01, 1.021638121364822765e-02, -2.150562852248699974e-01, -2.862527548067789196e-01, 5.013090400316488893e-01, -7.668563887545730429e-02, -5.369041306008777437e-02
3.453356302700459346e-01, -9.748120990558679921e-02, -1.867360836273777858e-01, 2.842172935329645989e-01, 2.135948128403047097e-01, -3.322953306007122021e-01, -2.946270565398014796e-01, 4.463548993734021281e-02
3.644289971984766147e-02, -8.107838965718786040e-02, 3.057233885012456409e-01, 4.477060963016010198e-01, 5.003296751445513585e-02, -1.339121928085699187e-01, -1.531800094485890606e-01, 2.870922022571589793e-01
-2.249025423645940325e-01, 1.665544088831994174e-01, 4.080420673728327730e-01, -2.334693516174399935e-02, -2.334693516174357608e-02, 4.669387032348757544e-02, -1.964283617758333031e-02, -2.230997364099164895e-02
-5.463314406717464378e-01, -2.465404737964052018e-01, -2.254774381761532331e-01, 4.720179119725584349e-01, 2.824031162611868595e-01, -2.400737438064585449e-01, 1.158917573389696420e-01, -2.511459310180986226e-01
-2.283261382306599752e-01, 4.794720692487585700e-01, -2.131034359238543063e-01, 2.862431575152442620e-01, -1.367877664761722734e-01, -3.730170752727610672e-01, -1.929437725879405707e-01, 5.659608478607015547e-01
1.061266541057065138e-01, 6.511173121294089317e-02, 2.555367052007023743e-01, -6.139078922492441880e-03, 5.934135470214730451e-02, -5.320227577965486176e-02, 2.737065982180126866e-01, -1.317843471630157082e-01
-4.530861313669628521e-01, -1.578851710144488218e-01, -8.104077235431104975e-02, 2.389259433687599132e-01, -3.093094125576854037e-01, -4.017226967922299941e-01, -6.738861379542777919e-02, -2.897864431207882174e-01
-1.740057418568720371e-01, 4.637921849776603378e-01, 1.277862896737030352e-01, 8.203121104482599679e-02, -3.627377997299770507e-01, -2.721023895024846651e-01, -4.711756456465315129e-02, 3.192199540671378233e-01
-4.637117568635543835e-02, 3.727807027411776386e-01, -2.839104600256187605e-01, -1.340671546167738759e-01, -4.038941233990286928e-02, 1.744565669566767729e-01, 4.307028225778185004e-01, -5.066671070607543098e-02
3.010340099229983912e-01, -2.741408598609285652e-01, 8.215807734520823302e-02, 1.919827825157203738e-01, -2.712110591978042495e-01, -3.292060997597061611e-01, -2.500634074463277123e-01, 1.021419174690518239e-01
1.616496971757106493e-01, -2.637916146447624177e-01, 9.383978662219905065e-03, 4.961010340853577727e-01, 7.680996982264762241e-02, -2.463266098495801026e-01, 2.774484148288466553e-02, 2.185817683666954614e-01
2.109768983399602782e-01, 1.420058293107039626e-01, 4.315610794078840184e-01, -4.320159358160858831e-01, -1.706410056662021474e-02, 4.490800363827061048e-01, -1.979328257244205302e-01, -2.607062113693454641e-01
1.397335143768727583e-01, -6.254795132510528044e-02, 3.890952386290298659e-02, 2.363842746220229038e-02, 1.797394928386702659e-02, -2.911650396208507741e-01, -4.611346726782554195e-01, -2.843307307036284093e-01
-9.027364495489129115e-02, 3.746043756585196727e-01, 3.567157516726725541e-01, 2.469238030624947011e-01, -1.057018695330853159e-01, -3.258168201074592707e-01, 1.180882282409716211e-01, 2.077285918664876774e-01
-4.313337702984168520e-01, 3.049562658743791566e-02, 1.874803019494808987e-01, -7.839488961340559947e-02, 2.450342348252525226e-01, -1.666393452118469232e-01, -1.022665558829657789e-01, -1.670813461111177733e-01
-4.607095560255137778e-01, -3.242814677023345693e-01, 6.118233859998037372e-02, 2.630991291023542233e-01, 1.149178272412684082e-01, -4.496039776110268282e-01, -5.449611597653446909e-02, -1.552919867295005085e-01
1.487025113160656831e-01, 6.589475413434826324e-03, 3.860285463641305315e-01, 2.761817534630540139e-01, 2.240453137441001663e-01, -3.457240971976116017e-01, -9.738803859365697396e-03, 3.554629010569772540e-01
-2.908665959250375521e-01, 6.971431643958528324e-02, -3.178188775208610761e-01, -5.824302834678025675e-01, 3.472650367315158193e-01, 2.351652467362866650e-01, -5.658660707463145784e-02, -1.829125236055441917e-01
-9.214100090262581505e-03, -3.047233190381974932e-01, 4.240762879665709306e-01, -1.193529689283735068e-01, -3.280401174011350895e-01, 1.731770792434602080e-01, 5.658703088649422869e-02, -4.293933528961246804e-01
8.417462590490228103e-02, 3.452187269912223022e-01, 2.819915287137618812e-02, -6.826660026915418178e-02, 3.889304285714341725e-01, -3.089625890510372397e-01, 2.584817800987143643e-01, 5.048080895232287535e-02
2.820330158283451683e-01, -3.053250642731770159e-01, -1.980690599546772179e-01, -2.441748839016894546e-01, 5.368439322380738066e-01, -2.926690483363842410e-01, 1.509362535098490998e-01, -4.279703255606114032e-02
-1.980565435924425688e-01, -3.608456655868519936e-01, 1.411387774704557230e-01, 2.197068881163963261e-01, 3.606739606026245215e-01, -2.353458109476903592e-01, 1.378210440451144714e-01, -4.994514742038662081e-01
5.031150874322356387e-02, 4.491399654606426095e-01, -1.025688647623430455e-01, 2.704324922632063144e-01, -1.012121965179794969e-01, -4.899284218214054465e-01, 3.889299633113259547e-01, 1.009984585100795473e-01
1.948354237727952243e-01, 1.944180861356149814e-02, 2.182645013163186654e-01, -2.940897855121724636e-01, 1.691713956971827304e-01, 1.249183898149897609e-01, -1.934238359946274244e-01, -4.422023909939655217e-01
-3.492819937402137642e-02, -2.690734342439412563e-01, 4.045722492239258727e-01, -1.354988149799845887e-01, -1.863820222649526653e-02, 2.898342136248977519e-01, 2.733690333705787179e-01, -4.391020821929452200e-01
1.444810751567801865e-01, 2.946210070361650057e-01, 2.452067613758664444e-01, 6.324798017100913272e-02, -3.050505981935010547e-01, -1.536521247279973024e-01, 1.572998522256146836e-01, -3.647727497617382544e-03
-5.087942448062953149e-01, -1.233690016869497669e-01, 9.278093494750675602e-03, -1.711047972555904961e-01, -1.167275770007717289e-01, 2.878323742563621557e-01, -1.586572931827198163e-01, -3.416456050686341173e-01
3.209156661197921090e-01, -3.973173237502028443e-01, 3.035240298407205772e-01, 9.379329390948228096e-02, 4.123992391671840729e-02, 3.321660442423731707e-01, -2.259929609028388797e-01, -1.925815390143160721e-01
4.251466873928201329e-01, -2.325651483785040885e-01, 3.639583706406945840e-01, 1.251829262375782903e-01, 6.378562056733949603e-02, -2.577389731991845956e-01, 1.349611580912724873e-01, 1.227778151079121360e-01
-3.318521617985176753e-01, -6.520970943541580522e-02, 3.691639411106885094e-01, -3.126959878143678040e-01, 4.123085396811666525e-01, -9.961255186679880691e-02, -1.277260504288315335e-01, -3.153595738661829628e-01
-1.738110319178468588e-01, -8.377401625539278307e-02, 3.899667660491606402e-01, -3.061927497937678710e-01, -3.879744010434902912e-01, -4.385367515592857729e-02, -1.270077263775911403e-01, -4.766976736335001852e-01
3.408246600606520404e-01, 1.358730135728482002e-01, -7.207099620440997334e-02, -2.737707829398211001e-01, 1.731671665008604200e-01, -2.149712283119833978e-01, 8.379442790458339896e-02, 1.311768004074000404e-01
4.712899301723680323e-01, 2.012161110151644838e-01, -6.347481660978861184e-02, 6.043787246151167275e-02, 3.264299992207856937e-01, -3.868678716822973596e-01, -1.103009046238822297e-03, -1.947014093258726819e-01
-3.705354004765181730e-01, -7.480983589983947191e-02, 1.985528971542925847e-01, -1.237430612544531405e-01, -4.001697387786549154e-01, 2.215296439607592205e-01, 2.429917379410832246e-01, -4.488207508342952345e-01
2.732291859514510701e-01, 1.755915648828441922e-01, -2.148860256721082940e-01, 5.804392732453091119e-02, -3.056840308530617278e-01, -3.421966401316035578e-01, 5.597792117962494540e-01, -2.175825716646459795e-01
7.763845793358578606e-02, -1.684490037358322145e-01, 3.054073169287232353e-02, -1.838720656102875162e-01, 1.844133893260407778e-04, 1.836876522209614782e-01, 2.305183094245286390e-01, -3.294794008031732835e-01
3.297529631519889870e-01, -8.862563366443858281e-02, 5.370350847551090823e-01, -4.484094510906704856e-01, -1.462093305089216810e-01, 1.196283582579023286e-01, 8.800878222679081597e-02, -2.953214865987515148e-01
2.468732112181934168e-01, 4.844827538055807709e-02, 1.085279455913615437e-01, -7.651789025586598625e-02, 4.495396723328708433e-01, -1.211588272870302574e-01, 2.837433449749621195e-01, -1.625845176879318621e-01
3.534415315558356863e-01, -3.003529892045057048e-01, -1.395747348865733484e-01, -1.653777547079127719e-01, 2.635930784563230711e-01, -9.821532374841031310e-02, -2.994928852265968042e-02, 8.671061597151566436e-02
-4.829031529389656296e-01, 5.444369991531362862e-02, 4.422089090684110935e-01, -4.966526089837248192e-01, 2.564713216034491539e-01, -6.121721763311234465e-02, -1.176071060927803280e-01, -1.139323933044614906e-01
1.276997470299242599e-01, -1.376735372546275711e-02, 4.530874331528719767e-01, -2.329754674729363484e-01, 1.578515012271209661e-01, -4.844169351468331081e-02, 2.060135390424156498e-01, -1.575718455277323182e-01
-1.169311000015624408e-01, 3.624777394584420276e-01, -3.452543108856074849e-01, -4.961162801384186305e-01, 3.150352046521857075e-01, 1.810810754862329230e-01, 2.645660855505002282e-02, 3.134307844879546390e-01
-7.851364442773925423e-02, -1.819059666796166153e-01, 4.251910055246295173e-01, -2.432850388450128742e-01, 3.001411190251833117e-01, -4.622522073650958165e-03, 2.490680733830506199e-01, -1.269309540092724842e-01
-4.949783706772840908e-02, 1.764287910770009071e-01, -4.031685359934142898e-01, -1.799364700381801685e-01, -2.897149103388027558e-01, -1.334778362889781078e-01, 2.085909628382054959e-01, -7.511312654922740195e-02
-9.915904710313876158e-02, -5.037053958160658818e-01, -3.258522342354992253e-03, -3.689323936863109776e-01, -3.689323936863109776e-01, 7.378647873726219553e-01, 0.000000000000000000e+00, 0.000000000000000000e+00
0.000000000000000000e+00, -3.929195192877601439e-01, 6.604118300426226051e-01, -2.674923107548624612e-01, 0.000000000000000000e+00, 0.000000000000000000e+00, 0.000000000000000000e+00, 2.823878706855440651e-02
5.944353680484835145e-01, -6.226741551170379418e-01, 0.000000000000000000e+00, 0.000000000000000000e+00, 0.000000000000000000e+00, -5.861009971745901881e-01, 5.710401012198290660e-01, 1.506089595476121056e-02
0.000000000000000000e+00, 0.000000000000000000e+00, 0.000000000000000000e+00, -6.279651681498561455e-01, -2.392884185438921493e-02, 6.518940100042452945e-01, 0.000000000000000000e+00, 0.000000000000000000e+00
0.000000000000000000e+00, 2.271133421847099099e-01, 4.830278651953982538e-01, -7.101412073801081082e-01, 0.000000000000000000e+00, 0.000000000000000000e+00, 0.000000000000000000e+00, 2.174681242320407881e-01
4.896440320269827007e-01, -7.071121562590235721e-01, 0.000000000000000000e+00, 0.000000000000000000e+00, 0.000000000000000000e+00, 2.730980910772214387e-01, 4.496068069128783540e-01, -7.227048979900997372e-01
0.000000000000000000e+00, 0.000000000000000000e+00, 0.000000000000000000e+00, -2.247856420420427659e-01, -4.846367393510536137e-01, 7.094223813930964351e-01, 0.000000000000000000e+00, 0.000000000000000000e+00
0.000000000000000000e+00, 6.676888280761327232e-01, -7.316368177788058758e-02, -5.945251462982521495e-01, 0.000000000000000000e+00, 0.000000000000000000e+00, 0.000000000000000000e+00, 6.441338597499500773e-01
-1.175160747920403481e-02, -6.323822522707461813e-01, 0.000000000000000000e+00, 0.000000000000000000e+00, 0.000000000000000000e+00, 6.825784080430757905e-01, -1.222859802487912539e-01, -5.602924277942845643e-01
0.000000000000000000e+00, 0.000000000000000000e+00, 0.000000000000000000e+00, 7.007129396598958948e-01, -3.447911320459919327e-01, -3.559218076139039622e-01, 0.000000000000000000e+00, 0.000000000000000000e+00
0.000000000000000000e+00, -1.932555764832198375e-01, -5.056752036158094210e-01, 6.989307800990292030e-01, 0.000000000000000000e+00, 0.000000000000000000e+00, 0.000000000000000000e+00, 6.912132579102110430e-01
-3.945781977258344120e-01, -2.966350601843765755e-01, 0.000000000000000000e+00, 0.000000000000000000e+00, 0.000000000000000000e+00, 6.795612015171050846e-01, -1.113082374706873962e-01, -5.682529640464177856e-01
0.000000000000000000e+00, 0.000000000000000000e+00, 0.000000000000000000e+00, 6.858940924076678547e-01, -4.135211291590940030e-01, -2.723729632485739072e-01, 0.000000000000000000e+00, 0.000000000000000000e+00
0.000000000000000000e+00, 5.579082192145460306e-01, 1.471965778643138101e-01, -7.051047970788597574e-01, 0.000000000000000000e+00, 0.000000000000000000e+00, 0.000000000000000000e+00, 4.339568857999002160e-01
-6.512272368982379156e-01, 2.172703510983376440e-01, 0.000000000000000000e+00, 0.000000000000000000e+00, 0.000000000000000000e+00, 6.921731264191717248e-01, -3.907257772435735466e-01, -3.014473491755981227e-01
0.000000000000000000e+00, 0.000000000000000000e+00, 0.000000000000000000e+00, 2.326506149272783985e-01, -6.652896856336482090e-01, 4.326390707063698104e-01, 0.000000000000000000e+00, 0.000000000000000000e+00
0.000000000000000000e+00, 3.860217189888761058e-01, -6.615877013835481657e-01, 2.755659823946721709e-01, 0.000000000000000000e+00, 0.000000000000000000e+00, 0.000000000000000000e+00, 7.045286576856397698e-01
-2.679141910485565159e-01, -4.366144666370833094e-01, 0.000000000000000000e+00, 0.000000000000000000e+00, 0.000000000000000000e+00, -4.997132621602410479e-02, -5.847032267350665835e-01, 6.346745529510905426e-01
0.000000000000000000e+00, 0.000000000000000000e+00, 0.000000000000000000e+00, 3.078254358550670533e-01, -6.684559400729999101e-01, 3.606305042179328013e-01, 0.000000000000000000e+00, 0.000000000000000000e+00
0.000000000000000000e+00, 5.984694464425847071e-01, 8.070189329521308685e-02, -6.791713397377977524e-01, 0.000000000000000000e+00, 0.000000000000000000e+00, 0.000000000000000000e+00, -1.369105833200374156e-01
-5.399029544413084247e-01, 6.768135377613458958e-01, 0.000000000000000000e+00, 0.000000000000000000e+00, 0.000000000000000000e+00, -3.075763106109573597e-01, -4.223992528412693903e-01, 7.299755634522266945e-01
0.000000000000000000e+00, 0.000000000000000000e+00, 0.000000000000000000e+00, -1.468925240490152051e-01, -5.341449333018999379e-01, 6.810374573509153651e-01, 0.000000000000000000e+00, 0.000000000000000000e+00
0.000000000000000000e+00, 6.539928144439384194e-01, -3.577171754100105794e-02, -6.182210969029371395e-01, 0.000000000000000000e+00, 0.000000000000000000e+00, 0.000000000000000000e+00, -3.056257163166028468e-01
-4.239902849519089356e-01, 7.296160012685117824e-01, 0.000000000000000000e+00, 0.000000000000000000e+00, 0.000000000000000000e+00, -2.868295614622883849e-01, -4.390003435043152158e-01, 7.258299049666036007e-01
0.000000000000000000e+00, 0.000000000000000000e+00, 0.000000000000000000e+00, -3.811033583888438492e-01, -3.574827395884931369e-01, 7.385860979773372081e-01, 0.000000000000000000e+00, 0.000000000000000000e+00
0.000000000000000000e+00, -4.734338966369966983e-01, -2.596661452480756860e-01, 7.331000418850722733e-01, 0.000000000000000000e+00, 0.000000000000000000e+00, 0.000000000000000000e+00, 2.238315375560659126e-01
4.852939567959898004e-01, -7.091254943520557408e-01, 0.000000000000000000e+00, 0.000000000000000000e+00, 0.000000000000000000e+00, -5.217667903455194267e-01, -1.987757598095018508e-01, 7.205425501550213330e-01
0.000000000000000000e+00, 0.000000000000000000e+00, 0.000000000000000000e+00, -6.593540959528506606e-01, 4.777196988246056319e-01, 1.816343971282450009e-01, 0.000000000000000000e+00, 0.000000000000000000e+00
0.000000000000000000e+00, -5.252681474510342285e-01, -1.940326873528896712e-01, 7.193008348039240385e-01, 0.000000000000000000e+00, 0.000000000000000000e+00, 0.000000000000000000e+00, 3.098231798753303678e-01
4.205586543961134516e-01, -7.303818342714438749e-01, 0.000000000000000000e+00, 0.000000000000000000e+00, 0.000000000000000000e+00, -4.182858641090083651e-01, 6.551947946842155979e-01, -2.369089305752072605e-01
0.000000000000000000e+00, 0.000000000000000000e+00, 0.000000000000000000e+00, -6.559791058903633454e-01, 4.839128498061472383e-01, 1.720662560842161626e-01, 0.000000000000000000e+00, 0.000000000000000000e+00
0.000000000000000000e+00, -5.781586707900305822e-01, -1.153517189289002542e-01, 6.935103897189308642e-01, 0.000000000000000000e+00, 0.000000000000000000e+00, 0.000000000000000000e+00, -5.270547621771461966e-01
6.132368964816705681e-01, -8.618213430452446866e-02, 0.000000000000000000e+00, 0.000000000000000000e+00, 0.000000000000000000e+00, -6.295479739096082605e-01, 5.242440744849299339e-01, 1.053038994246785209e-01
0.000000000000000000e+00, 0.000000000000000000e+00, 0.000000000000000000e+00, 4.307350763013319261e-02, 5.878549365039488217e-01, -6.309284441340820004e-01, 0.000000000000000000e+00, 0.000000000000000000e+00
0.000000000000000000e+00, -6.785118574524732216e-01, 4.351729568667493386e-01, 2.433389005857238829e-01, 0.000000000000000000e+00, 0.000000000000000000e+00, 0.000000000000000000e+00, -7.042029154198364838e-01
3.047616318588581286e-01, 3.994412835609782997e-01, 0.000000000000000000e+00, 0.000000000000000000e+00, 0.000000000000000000e+00, -5.181443146644746367e-01, 6.181465030231281244e-01, -1.000021883586534183e-01
0.000000000000000000e+00, 0.000000000000000000e+00, 0.000000000000000000e+00, -5.999205387878865370e-01, 5.580414097392739636e-01, 4.187912904861260111e-02, 0.000000000000000000e+00, 0.000000000000000000e+00
0.000000000000000000e+00, -6.673367333410085145e-01, 4.617413831778360844e-01, 2.055953501631725133e-01, 0.000000000000000000e+00, 0.000000000000000000e+00, 0.000000000000000000e+00, 1.742365109326364167e-02
5.990630041412098317e-01, -6.164866552344734352e-01, 0.000000000000000000e+00, 0.000000000000000000e+00, 0.000000000000000000e+00, -5.755950977418269332e-01, 5.799962552362901702e-01, -4.401157494463050525e-03
0.000000000000000000e+00, 0.000000000000000000e+00, 0.000000000000000000e+00, -6.867302734862307245e-01, 4.107697831450744519e-01, 2.759604903411562726e-01, 0.000000000000000000e+00, 0.000000000000000000e+00
0.000000000000000000e+00, -4.747126331852583592e-01, -2.581545183730843962e-01, 7.328671515583429219e-01, 0.000000000000000000e+00, 0.000000000000000000e+00, 0.000000000000000000e+00, 0.000000000000000000e+00
0.000000000000000000e+00, 0.000000000000000000e+00, 0.000000000000000000e+00, 0.000000000000000000e+00, 6.062177826491070842e-01, -2.678595528294000494e-01, 4.324580903172028368e-01, -1.645985374878028151e-01
-2.955329110544384075e-01, 3.138591581328792901e-01, -1.507623493220237310e-01, -2.635939812696844946e-04, 5.658017770319785367e-01, -5.655381830507087981e-01, 4.536088011423962396e-02, 2.990468731614463749e-02
2.110348321013528206e-01, -1.932898470678683922e-01, 1.780434799788025158e-01, 1.524636708906587645e-02, 2.765215333765269068e-01, -1.650465671351807329e-01, -4.753970136892778919e-01, -2.981894240041927935e-01
1.902220020210346543e-02, 2.791672238020893038e-01, -1.954284035309313550e-01, 3.959547556583039585e-01, 3.109312822352946482e-01, -1.566108705548754088e-01, 4.297118977466642398e-01, -2.731010271917888588e-01
1.272911994927963530e-01, 8.434032078708611491e-02, -4.373729769578028059e-01, 8.638651973167373044e-02, 3.352759281597222363e-01, -4.216624478913958973e-01, 4.501693940922727455e-01, -1.491715424752035613e-01
-1.727412387837987465e-02, -1.143929119379849813e-01, 1.686983125845266385e-01, -5.430540064654165722e-02, -3.158475677504505863e-01, -3.809040338250406221e-01, 3.128169733151296983e-01, 1.812887721354905154e-02
3.554760821433797235e-01, -3.736049593569287786e-01, -7.831513211646465300e-02, 3.783788132094254575e-01, -2.939075916904057562e-01, -4.224970617379638638e-01, 1.768104052260997261e-01, 2.456866565118640822e-01
3.987583038022382009e-01, 2.669454601989637577e-01, 7.126098460165243564e-02, -1.664756268369872727e-02, 1.838580687582383466e-01, -1.672105060745396332e-01, 4.447502277986924990e-01, -7.285602413019047485e-02
3.643962800909354982e-01, 1.580877061212889734e-01, 2.609178955643999820e-01, -4.190056016856889554e-01, -2.839411929293049197e-01, -3.353124490132400326e-01, -2.255525048591424386e-01, -7.030395778251653793e-02
2.344646761710170724e-01, -1.641607183885005483e-01, -1.575128831286236319e-02, 5.570915004679705129e-01, 1.032759728831823959e-01, 8.027100290616394351e-02, 2.467857998048053891e-01, -3.270568027109693188e-01
1.927719364962361681e-01, 1.311516467907828110e-01, 4.801959075406504462e-01, -5.334505223165326993e-02, 4.901360591475014544e-02, 4.331446316903118411e-03, -5.837284907301488746e-01, -3.563931035248756735e-02
-1.503965978969081518e-01, 8.244413918659297680e-02, 3.606760325058794292e-01, -4.431201716924724199e-01, -2.645463511225503717e-01, -3.276544670264486259e-01, 1.736800087040337448e-01, 3.185925909478861534e-02
2.444963207435967290e-01, -2.763555798383853235e-01, 4.371652080956339725e-01, 3.042961649817546577e-01, -1.298725740703011999e-01, 1.489688275631625980e-01, 2.337024293681102816e-01, -3.826712569312728518e-01
-4.749173165183488976e-01, 1.318365764617675413e-02, 1.983402788170603170e-01, -2.305688653447172248e-02, 1.139293514463940310e-01, -9.087246491192231546e-02, -1.572958069438134820e-01, -2.251591105427840911e-01
-5.298155658574785765e-01, 1.219989817564533646e-01, 1.967221636720382916e-01, -3.187211454284916701e-01, 9.412001298330983923e-02, -5.336036657582391429e-01, -5.112379138327379641e-02, -7.122662911691254872e-02
-3.175263018610309518e-02, 1.029792593030156300e-01, 4.302841146629850511e-01, 3.086692595962844399e-01, 2.823037790190086604e-01, 1.233690312430860414e-01, 1.758346220329833343e-01, -2.992036532760694034e-01
-4.005085954119298464e-01, 6.760186747475821489e-02, -3.749040871254563645e-01, 3.350402827576019482e-01, 3.527993799535821262e-01, -6.878396627111841299e-01, -9.307047385690139785e-02, -1.969211910619114159e-01
2.033158830398454180e-03, 6.799035782259223171e-02, 6.799035782259212068e-02, -1.359807156451843524e-01, 1.762776182090591282e-01, -4.295357945734408767e-01, 3.734219367621899321e-01, 2.432138479444729273e-01
1.552092735759704467e-01, -3.984231215204434018e-01, 2.730043056699512413e-03, -1.006393374495191534e-01, 4.998374116044397297e-01, -1.539045143475365196e-01, -1.774388076267178760e-01, 3.313433219742544789e-01
2.960073732354085441e-01, -3.929407626846396218e-01, -2.254502498664462951e-01, 7.883099880207457277e-02, 1.947397933905460968e-02, -9.830497814112916510e-02, -4.151175236391164702e-01, 4.218589795957976007e-01
1.000609349463802145e-01, 1.894434766539583315e-01, 1.149840883735243208e-01, -3.044275650274826939e-01, -1.247311505390560071e-01, 1.031305704193610645e-01, 5.275969567955561823e-01, 3.607916393786485543e-01
-2.049510719425319538e-01, -1.558405674361165727e-01, 2.480918772121026017e-01, -1.537140190715906851e-01, -4.269890386903476553e-01, 2.739731654292366647e-01, 9.005077814410719639e-02, -3.640239435733438333e-01
3.858523911145617102e-01, -3.040631028000936875e-01, 1.753911511867285167e-01, 4.469589986590223885e-01, 4.028384595983451263e-03, -4.509873832550059247e-01, -1.988094348339960737e-01, 3.594288996498670730e-01
-1.324156969727680877e-01, 4.149569444292788289e-01, 2.045862302678340405e-01, -6.195431746971128417e-01, 1.843069963807940914e-01, 1.646964367719694214e-03, 2.622723245670170455e-01, 1.325952209525775027e-01
-6.150530654919304785e-02, -7.108991440338445489e-02, 4.105359578319689451e-01, -1.957758101897580649e-01, -3.841224559299049601e-01, 2.041435388192829881e-01, 3.544034958201832536e-02, -2.395838884013013481e-01
-2.109941848704274536e-01, -5.268021691294053621e-01, -3.016371115918751317e-02, 1.182500531323773252e-01, -2.461574462782146755e-01, 1.279073931458373503e-01, -6.603217729689488114e-02, 3.831809976516767913e-01
4.079464714441335960e-01, 4.234858749374556530e-01, -4.760270419806475473e-02, -3.758831707393909816e-01, 2.764398490677478226e-01, 6.068027595376671024e-02, -3.739704495486027014e-01, 1.140060327804003487e-01
7.045127149410707057e-02, -1.844573042745074332e-01, 5.658372613967785902e-01, -1.546368715648646641e-01, 1.814155393821553081e-02, 4.098479396198708158e-01, 4.140855780388034285e-02, -4.512564974237511239e-01
2.130284780784929763e-02, 3.680577717091815249e-01, -2.551670565961088877e-01, 2.796688590770456395e-01, -3.158048417066849911e-01, 3.613598262963939323e-02, 4.818956342208445265e-01, 1.563499989222295050e-01
1.065926717167093724e-01, 2.058116196101722195e-01, -3.746384247119107641e-02, -1.683477771389811362e-01, -3.867094627096611670e-01, -8.267548269883590040e-02, 4.216192966472958048e-01, -1.225421869956377918e-02
-2.817884475751407658e-01, 2.940426662747046005e-01, -1.989664056453568086e-01, -4.456984731912692621e-01, -2.167092156174047768e-01, 3.718018585016372723e-01, -1.767571511556738917e-01, -1.950447073459634084e-01
9.098865472408181054e-02, 4.854954854063365244e-01, 1.429477454619728360e-01, 2.929039496938262155e-01, -2.660405248155371383e-01, -2.686342487828904599e-02, -5.068624974513755710e-01, -7.323215463180939022e-02
-1.399139177754056829e-01, 5.109411832695661682e-01, -1.109913107084756351e-01, -3.999498725610905470e-01, -1.124257951453621479e-01, -3.321849819374904644e-01, 2.064163974211976060e-01, 3.007900386500184098e-01
-1.470891202043653478e-01, -1.537009184456530897e-01, 5.002456188230314238e-01, 2.130536494428134087e-01, -6.476438164616260540e-02, 3.816905913519509363e-01, 8.700107818275787386e-02, -4.686916695347088102e-01
-3.598241123181325496e-01, -1.137421352236939361e-02, 2.695238703685518544e-01, 3.933447514711588822e-01, -3.253276312306189189e-01, -6.801712024053994943e-02, -3.225951705349464071e-02, -2.444505959618078206e-01
-4.049565543300129300e-01, 2.456446511172269698e-01, -5.398990168515140076e-02, -1.916547494320755829e-01, 1.310823974265994396e-01, -5.509531087704970798e-01, -1.248466368933318256e-02, 5.383256752105343435e-02
-8.245901623661464064e-02, 2.862644871556121323e-02, -4.896104499157253875e-01, 2.190954133584257224e-01, 2.718866518864344051e-01, 5.208142516407784361e-01, -2.578784406781277627e-01, -2.629358109626506734e-01
-2.618294280027726462e-01, 4.236579884330200080e-02, -3.065483273310319334e-01, -9.561791314892539861e-02, -4.846273229224489776e-01, 5.802452360713743484e-01, 6.698873539039884584e-02, -2.817223254926488063e-01
5.900550080402422459e-02, 2.834086301076753633e-01, -5.066084685729669440e-02, -2.327477832503786481e-01, -4.100468548598559804e-01, 3.088554966692777515e-01, -2.014971664842815369e-01, 4.396750718064088015e-01
-5.567549411931881354e-01, 1.170798693867792922e-01, -2.234928992654466595e-01, 1.227220678335646659e-01, 1.198516441627953399e-01, 3.828416936491171318e-01, -1.868541201976905153e-01, -1.959875734514265888e-01
8.529732850513142839e-02, -8.943875552518457117e-02, 4.925729028702944823e-01, 3.264373307953318260e-01, -2.514828200042628081e-01, -7.495451079106901782e-02, -3.154360966412144696e-01, 3.933323982524417617e-01
1.407678628906370022e-01, 3.040535224449831819e-01, -1.590399752451005302e-02, -2.881495249204731324e-01, -5.937305276336673349e-02, 9.744709927473441113e-02, -5.243003046211056617e-01, 4.685178645232102590e-01
-5.403129742148204961e-01, 7.179510969161015388e-02, 2.418217522880018455e-01, -8.902495757586303959e-02, -1.188175962856939799e-01, 2.616591860264153580e-01, -1.203097278068574055e-01, -1.413494582195579385e-01
4.498738438840709786e-01, -2.814661024691325064e-01, 1.870322614824570517e-01, 1.096891388443936161e-01, -2.319525471482640766e-01, 1.222634083038704467e-01, -1.698531518943339758e-01, 3.892649072318427605e-01
-3.779502061356241338e-01, 5.997710706018238858e-01, -4.505166125367485730e-01, -1.492544580650753683e-01, -1.384904814344828372e-02, 2.320676632337760337e-01, -5.385393929355922898e-02, 3.109289987486165696e-01
1.691214759030127968e-01, -4.800504746516294219e-01, 3.266914593040828874e-01, -2.600614481850423501e-02, 3.200270648957199149e-01, 1.629223293849323129e-01, -1.785171414844975435e-01, 1.559481209956519940e-02
-4.592919565409162574e-01, -2.037775933607307854e-01, -2.872898314364322747e-01, 1.612317401008124262e-01, -6.379004763811373102e-02, -9.744169246269868134e-02, -7.385797894460312263e-02, -5.854816157117794795e-01
4.357077365974845913e-03, 2.651375331494771337e-01, -4.615154826730874515e-01, 1.963779495236102901e-01, 5.762607547626057841e-02, 2.445575752425780403e-01, 3.549622909585709585e-01, 4.421271420119457507e-01
-3.196607306215958344e-01, -1.224664113903499024e-01, 3.664489787487930084e-01, 2.786941895290489038e-02, -2.595982246104869828e-01, 3.063443992708813485e-02, -3.172634926281847068e-01, 2.866290527010965095e-01
-4.792474205204658166e-01, -2.016883639559002850e-01, 5.846639650891071599e-02, 2.478836651558821713e-01, -2.627628076009673741e-01, 1.487914244508519758e-02, -7.962425625397477613e-02, -3.680571661205544465e-01
3.917341102977693335e-01, 4.666911735491137692e-01, -1.220548898591867631e-01, -3.446362836899269921e-01, 1.450778153025584216e-01, 3.631296090417642231e-01, -2.219028704467863045e-01, 2.476141370774096739e-01
-3.935762317020966017e-01, 1.459620946246869555e-01, 4.661973465445420906e-01, 7.931994533858069407e-02, 1.083913123023878267e-01, 2.356512499259428017e-01, -1.589124107551226905e-01, -7.673883917082011119e-02
-2.073208411022312569e-01, -7.759356926748245398e-02, 5.227084452226206102e-01, 1.261399385634551229e-01, -4.425845903491386069e-01, 3.164446517856834284e-01, -5.997236208305767313e-02, -4.218675640311815300e-01
-1.428001166945099543e-01, 3.670439805948974565e-01, -3.775340980419960579e-01, 1.049011744709864996e-02, 1.858991294635930491e-01, 3.899916403339520055e-01, 1.671052906181797471e-01, 1.244212890028081192e-01
9.095938271684984866e-03, -1.335172272744930833e-01, 4.004681245850519877e-01, 9.038035616361216051e-02, -4.289941283806305572e-01, 3.560168575140115199e-01, -5.409779854344677341e-01, 1.849611279204562142e-01
-3.136680758252758383e-01, -9.412861063095245839e-02, -8.717560140426654225e-02, 4.663189214858550757e-01, -2.739279349165806843e-01, -1.923909865692743637e-01, 8.184645628011173388e-03, -3.641671293102398121e-01
2.574121606221828618e-01, 1.055041565983401569e-01, -2.886233152669256397e-01, 1.831191586685854411e-01, 1.811308945332531506e-01, 3.818430819186239833e-01, -3.463044829751821263e-01, 2.351827218432001876e-01
-2.321657900255088836e-01, -3.016931817691275407e-03, -5.240650922575310622e-01, 1.792355865731793396e-01, -2.703172340321022618e-02, -6.746139256108595050e-02, -4.192238531296001991e-01, 4.866852456906860525e-01
-2.245354462466310763e-01, -3.784619064640044883e-02, 3.364250060865624503e-01, 3.207172526026905723e-01, -4.761379969900312314e-01, 1.554207443873406036e-01, 7.788782662921749089e-02, -2.587876326418609430e-01
-3.120031909694446770e-01, 1.506154062302898777e-01, -6.460421594698369241e-02, -8.601119028330615757e-02, 1.753385965863571427e-01, 5.652417319189524392e-01, 2.126659293297767858e-02, 1.297702831678412827e-01
-3.257359583841253903e-01, 1.959656752162840798e-01, -3.486564073157527588e-01, 2.011508946252265895e-01, 3.435600339628688826e-01, 5.016257520284930216e-01, -4.607855007654992341e-01, -4.084025126299376668e-02
-1.578616189659408364e-01, 2.036102380120714123e-02, -2.971360014192597210e-01, 3.069503436316844622e-02, -5.296423627149307034e-01, 4.989473283517622537e-01, 1.836142512249277770e-01, -2.405780779487559640e-01
8.686143317500788497e-02, 1.053044795549718943e-01, -1.537806647285830108e-01, 4.847618517361110269e-02, 2.319559953253056972e-01, -3.515492432075992824e-01, 4.116259918997168255e-01, 2.568157239542150361e-01
-6.365195311736907557e-01, 3.797038072194756642e-01, -5.781445917828723080e-02, 8.109789460158894903e-02, 1.543994855558689927e-01, 1.696145731056287465e-01, -1.350800971257658523e-01, -3.453447597986288031e-02
1.233131302000642082e-01, -7.771452110123057422e-02, -5.660783884138139710e-01, 1.467540059739221373e-02, -1.243131994789845457e-01, 1.096377988815923354e-01, 4.550882657654381491e-01, -3.686142308357117647e-01
-1.016370689285871348e-01, 2.466862405531665414e-01, -3.513408461062634269e-01, 1.046546055530969271e-01, -2.419275830952418160e-01, 3.989083521213545036e-01, 2.024125782539323570e-01, -1.614864274407254718e-01
-2.657476405337555470e-01, 4.272340679744809355e-01, 2.546930332355383519e-02, 1.062720818034030845e-01, -4.765857336186585802e-01, 1.926308954656296979e-01, -4.947392166694538629e-01, 3.021083212038241372e-01
3.836507287446085934e-01, -1.151426518803827376e-01, -7.164528250400414855e-02, 1.615011920380227395e-01, -9.313797209413686440e-02, -6.836321994388587509e-02, -4.315969042032705705e-01, -3.212270150688933956e-01
2.406694382619182782e-01, 3.678233165172188623e-02, -3.137294560207580796e-01, 2.769471243690361240e-01, -1.209193273742325409e-01, 3.897724274175439763e-01, -3.324814495697017702e-01, 3.959804525569671774e-01
-5.315475148478209233e-01, 1.355670622908538292e-01, 1.717633883608670753e-01, 2.871298431732293710e-01, -1.662842442009581159e-02, -7.353800977235794289e-02, -3.040819774064207337e-01, 3.776199871787787044e-01
3.893555548627528062e-01, -4.306631187464473459e-02, 3.143650329817141431e-01, 1.063129037268921578e-01, -2.955861367956070795e-01, 1.892732330687149911e-01, -3.773826108513146371e-01, -2.716907402028319041e-01
-2.808252992586251495e-01, 2.705767361898794507e-02, -3.676149349514270526e-01, 3.405572613324390208e-01, 1.572390677112687207e-01, 2.049068958304420540e-01, 4.158687740591759385e-01, 1.309346870225549242e-01
-1.507524177550926270e-01, 1.981773073253771666e-02, 5.452799054898250786e-01, 4.365187786880045037e-03, -2.185999812803901265e-01, -8.600339299620364530e-02, -3.881089792104137071e-01, 4.741123722066172830e-01
-3.406400310414978150e-01, -2.390805346817085897e-01, 1.015697344041130573e-01, 2.526169530709296840e-01, 1.221990729138224124e-01, -3.748160259847520548e-01, 3.115092869704768619e-01, 3.687687423614899318e-01
-1.934154257349978423e-01, -2.014558788739845632e-03, -1.238144508086860135e-01, 1.258290095974258505e-01, -5.757193165259706369e-01, 4.995527596070310078e-02, 1.342330918926522010e-01, 1.105661893857117217e-01
-8.176744908050444238e-02, -2.879874030520727934e-02, -1.779946374655085595e-01, -1.229501366235885573e-01, -5.569968001751698372e-01, -9.744004243058657089e-02, -3.227794518530667789e-01, 4.202194942836534053e-01
4.133259890265027214e-02, -4.663295704568335975e-01, -1.021535754514592137e-01, 4.801097161949758468e-02, -1.918204816259446444e-01, 1.438095100064470111e-01, 3.447251278120751494e-01, 4.002731404926667125e-01
2.386293028676883254e-01, -1.169563239531628551e-01, -1.803983061994522963e-01, 2.973546301526151514e-01, -3.949667814052872372e-01, 8.587549059143798069e-02, -3.773502498855024201e-01, -8.420422523942157345e-02
-4.678622834114969931e-01, 5.520665086509185526e-01, -2.677949318832086312e-01, -1.841055639706073443e-01, -7.139886739738152133e-02, 1.456765342117256334e-01, -5.614933840021458763e-04, -1.451150408277234738e-01
1.370454543790029511e-01, -4.500145121366033729e-01, 3.566105954621548446e-01, -8.044912264437051319e-02, -1.650353567087699813e-01, 2.454844793531404945e-01, 3.062813397409786531e-01, 3.735243692916022096e-01
-3.008125705234906411e-01, 1.987169849896756185e-02, -1.359845726723709070e-01, 1.161128741734033382e-01, -5.468644357151124513e-01, 2.272143921737340144e-01, 1.129178976245330708e-02, -2.376937889327510878e-01
-3.163846237338082679e-01, 5.540784126665593279e-01, -8.475781138866333997e-02, -5.934203548746543738e-02, 3.816867492458402844e-01, -1.077423898956485909e-01, -2.063925134828912822e-01, 3.141349033785398870e-01
2.360784773498104949e-01, -3.672737864534187935e-01, -3.256404309124122376e-01, 4.933396256232339128e-02, 4.027899442720004469e-02, -8.961295698952344291e-02, 3.379047978171662026e-01, 4.948330538070327411e-01
5.529959567387147251e-02, -1.480082131042088911e-01, -1.693042209694932132e-01, 3.173124340737020765e-01, -2.485764941924460958e-01, 1.840864519235362040e-01, 4.509938639383941905e-01, -2.580450728403284322e-02
-2.580450728403237831e-02, 5.160901456806522153e-02, -2.171050314364473752e-02, -2.465839191899077062e-02, -6.038400133740357001e-01, -2.724921026170795124e-01, -2.492119053525904127e-01, 5.217040079696698696e-01
3.121297600781539061e-01, -2.653446642071384809e-01, 1.280908896904401351e-01, -1.929016237792451419e-02, -1.105295629101406447e-02, 3.034311866893857693e-02, -1.626676603370426077e-01, -2.854172095737987913e-01
5.088699351812896454e-01, -2.775823448094774659e-01, -2.523604685707294681e-01, 5.299428133802069896e-01, -2.355353765474179073e-01, 3.163740162010594825e-01, -1.511864787368219776e-01, -4.122820305646305861e-01
-2.132536433866712156e-01, 6.255356739513017184e-01, 1.172978808536756373e-01, 7.196559765640836437e-02, 2.824353057481447937e-01, -1.745046627001802797e-01, -8.957137997055435175e-02, 2.640760426707346453e-01
-3.418682980900732971e-01, -4.440092964545700460e-01, -7.448215208968335388e-02, -1.919034609582338513e-01, 3.688448287419749533e-02, 1.550189780840363352e-01, -1.674950189521518251e-01, 4.572971787765620078e-01
3.185633489162170706e-01, -3.202902792387660180e-01, -1.923221357365428041e-01, 5.126124149753087389e-01, 1.412374780604086222e-01, 9.066607536533401179e-02, -4.009207260173430210e-01, -2.338778628240061330e-01
-1.445312536767165597e-02, 2.483309881916777873e-01, 5.426434736662831826e-01, -1.417006844882522099e-01, -2.858148990430742914e-02, 1.837426887715119458e-02, 1.355269743892498213e-01, -1.539012432664010332e-01
-3.158367924593804554e-01, -3.810726879450436200e-01, 3.191663306319834081e-01, -3.007447462922199222e-01, -5.207730820303770741e-02, 3.528220544952576088e-01, -5.125235207439286095e-02, 4.120207767139332233e-01
-3.137957716072628522e-01, -3.121466987564735507e-01, 2.485990847870369613e-01, 6.354761396943661711e-02, 4.401831670521174078e-01, 2.893597677758683040e-01, 5.094802050841700652e-02, -1.481794866816974754e-01
-4.464092942831369981e-02, 1.928204161100111613e-01, 4.760399617965363483e-01, -5.600004867513600632e-02, 3.327218004412087482e-01, -3.029977924778685106e-01, 9.080629601312488475e-02, 2.121914964647435842e-01
-2.997595917449415448e-01, -3.638593734186226225e-01, -2.763858713880464335e-01, 1.128936982552678076e-01, 1.786654547731538756e-01, -2.915591530284216693e-01, 1.037176588982200061e-02, 5.483221955680269710e-01
8.489522980397894159e-02, -2.722557266758516836e-01, 3.066535111266200514e-02, 2.415903755631897687e-01, 2.331849929020613776e-01, 1.569538113434096327e-01, 4.769885614508192484e-01, -9.144971933009077292e-02
1.374345770445595805e-01, -4.598485771446880754e-02, -5.666595882182948740e-01, -2.024582669281244432e-02, -1.721240580597694914e-01, -4.774912974809370492e-01, -1.886032167889602554e-02, 4.963516191598331129e-01
-2.187678600112016314e-01, -2.881489704608555247e-01, 1.544423053639120136e-01, -6.913194620143214841e-02, 4.300526321689278342e-02, 2.612668298453937193e-02, 1.986594394532671670e-02, -3.218139911598876801e-01
-5.096751645391244256e-01, -3.142602813040103471e-01, -9.977613389751144313e-02, 4.140364152015217902e-01, 3.942647781645328697e-01, 2.729157823322310161e-01, -1.168283821155153557e-01, -3.601133274871918810e-01
1.305185680558107464e-01, 2.295947594313811069e-01, -4.767373250666712692e-01, 3.370569254401033221e-02, 2.072150705757420941e-01, -3.584163590394224830e-01, 6.762258476839937138e-02, 2.907937742710231532e-01
1.270144406350861566e-01, -4.969307120963982194e-01, -6.023254923722230758e-02, -1.716385116483953033e-01, 1.643554072440726044e-01, 7.283104404322703236e-03, 4.266631301919338592e-01, 3.052535169854807551e-01
2.476290309803212686e-01, -3.821161074289391446e-01, -1.076394110771997960e-02, 3.928800485366590878e-01, -3.214841323381994465e-01, 7.705266553848902356e-02, -3.512734962072674993e-01, -6.437387343591501887e-01
3.838192511243070371e-01, 2.599194832348431516e-01, -6.254309202985583460e-02, -2.021664734587593770e-01, -1.018400536292180317e-02, 2.037810833432161448e-02, 2.336773353839922684e-01, -2.540554437183139003e-01
2.035328967850953130e-01, -3.869872000482619812e-01, 3.428219765985986434e-01, -9.129732866718108519e-02, 3.602059080827639537e-02, 5.527673785890469677e-02, 4.496892253223309099e-01, 3.236642918447003581e-01
-2.331367170270563505e-01, -3.367994578843235276e-01, 4.687158972262100431e-01, -1.319164393418865155e-01, -3.625706560749388241e-01, 1.914062454796139623e-01, 6.254356045349361570e-02, -4.745926532009798748e-01
9.303511284226043121e-02, 3.815575403587194714e-01, 3.116748475257368270e-02, -7.545255819222305982e-02, 4.298704736842166585e-01, -3.414849668458831977e-01, 2.856903885301579904e-01, 5.579457831572529058e-02
3.117207017050130924e-01, -3.374645447229852047e-01, -2.189184346867485698e-01, -1.703538572236802939e-01, -4.455452821178902678e-02, 2.149083854354693068e-01, -3.523769147737933483e-01, 4.482535872307504832e-01
9.068463977475252347e-02, -3.250186055119679285e-01, 1.921497428462691226e-01, 1.328688626656988336e-01, -1.153787538920025141e-01, 1.267695456456966463e-01, 5.060475376984630014e-01, -2.698775032597620638e-01
5.933538198420814647e-01, -3.234763165823194564e-01, 1.668242801950964027e-01, -4.730198335143600413e-02, -2.189046008126997178e-01, -3.988294198591522677e-01, 1.559954908883984248e-01, 2.428339289707538706e-01
3.986396406660587810e-01, -2.601190542053420374e-01, 1.523285223656528353e-01, -8.235971059344698864e-02, 9.195622641633433014e-02, -9.596515822887348446e-03, -1.117533787234802900e-01, 3.862777061186754568e-01
-4.441832384755727836e-01, -5.520253135937469580e-01, 5.560745703198394924e-02, 4.964178565617629046e-01, -1.133655873689054794e-01, 2.988990703961754702e-01, -1.118661119409247312e-01, -5.414998346447112976e-01
4.298699594493602949e-01, 1.116298751953510721e-01, 2.153444157488789423e-01, 2.148831478341008128e-02, 2.412397119811943436e-01, -2.919810256113848645e-02, 1.888397778592815213e-01, -1.596416752981429932e-01
4.150686635935738611e-01, -1.627162627468273226e-01, -3.697630253632723796e-01, -3.250466050397696760e-01, 1.869789110337283233e-01, 1.380676940060413249e-01, -2.137842397835356123e-01, -4.887500110985935620e-01
-3.860485193970784185e-02, -2.973969536380404177e-01, 4.471588017738128418e-01, -1.497618481357724518e-01, -2.060011825033687335e-02, 3.203430782169922608e-01, 3.021447210937975303e-01, -4.853233540027289128e-01
1.596896093838097164e-01, 3.256337446189192519e-01, 2.710179994154313099e-01, 6.990566229427325196e-02, -3.371611874770274464e-01, -1.698260325941022830e-01, 1.738577314072583258e-01, -4.031698813156054870e-03
-5.623515337332738451e-01, -1.363552123908392255e-01, 1.025473491525074818e-02, -1.891158285456526755e-01, -1.290146903692740432e-01, 3.181305189149267187e-01, -1.753580608861640411e-01, -3.776083003390167669e-01
3.546962625534543778e-01, -4.391401999344347606e-01, 3.354739277186912783e-01, 1.036662722157435657e-01, 4.558096853953087779e-02, 3.671308910047282881e-01, -2.497816936294535439e-01, -2.128532799631914496e-01
4.698989702762749743e-01, -2.570456903130834414e-01, 4.022697780765572828e-01, 1.383600763678497214e-01, 7.049989641653313377e-02, -2.848693914306777430e-01, 1.491675957850906176e-01, 1.357017956455871255e-01
-3.667839683036248077e-01, -7.207388937598588341e-02, 4.080233033328662939e-01, -3.456113549527223272e-01, 4.557094385949736481e-01, -1.100980836422513348e-01, -1.411708978423927563e-01, -3.485553184836759910e-01
-1.921069300144623571e-01, -3.549020367764398887e-01, 4.306537109036966127e-02, 3.118366656860702135e-01, 1.073063626175645019e-01, 4.874295860605963870e-01, 1.241386208308173228e-01, -1.640018093551546263e-01
1.601418239931521048e-01, 3.859985362002535825e-03, 2.058441977226387887e-01, 8.174386388396640002e-02, 5.381492434032127958e-01, -9.259233375596045978e-02, 4.310158993174934006e-01, -3.384235655615329130e-01
-4.288138116796472166e-01, -4.846985148813159200e-02, -1.403769607331270819e-01, -5.268763761212371666e-01, 3.767009400670364716e-01, 1.501754360542006672e-01, -7.965741685750575563e-02, -3.025887600913811926e-01
1.913952892904246805e-01, -1.140453457434622841e-01, 2.013609707478760114e-01, -8.731562500441374108e-02, 8.266074752159131844e-02, 3.973805851372460007e-01, -4.109444600672919057e-01, -3.860147786966424688e-01
4.804270975065950133e-01, -9.441231880995253067e-02, -3.035571361059660744e-01, 7.189578592775446204e-03, 2.423759031015619014e-01, 6.679975377324974539e-02, 3.607910517703422082e-01, -4.275908055435919120e-01
-1.219115261632382641e-03, -2.151962945180698472e-01, -4.095391268424674602e-01, -2.642861042098538227e-01, 2.450854819668225881e-01, 1.920062224303122761e-02, 1.819819787271409195e-01, -5.126737676496820884e-01
-2.090438477615940219e-02, -8.268455546824363123e-02, 2.194532021179023684e-01, -1.367686466496587372e-01, -4.422928691764080877e-01, 2.448485538513654747e-01, 2.685698156190919894e-01, -4.960650403958000720e-01
3.019901528937091184e-01, 1.940748875020909814e-01, -2.375056073218039521e-01, 6.415381441132364526e-02, -3.378612972586471641e-01, -3.782173390928250667e-01, 6.187033393537496595e-01, -2.404860002609245373e-01
8.581092718975272260e-02, -1.861804778132882254e-01, 3.375554555527993800e-02, -2.032270198850546217e-01, 2.038253250445714259e-04, 2.030231945600100285e-01, 2.547833946271106376e-01, -3.641614429929810881e-01
3.644638013785141961e-01, -2.396918615651109086e-01, 2.866238656583497968e-01, -4.693200409323886046e-02, -3.656237436762372894e-01, 3.313764154540554396e-01, -2.123908323550613986e-01, -9.795464773437949357e-02
5.935650936766996288e-01, -4.956104459423201214e-01, -1.615997863519660627e-01, 1.322208170218920620e-01, 9.727286456645302393e-02, -3.264079588723042824e-01, 2.728598650306348627e-01, 5.354809384166946129e-02
1.199519398641364504e-01, -8.457240501964134738e-02, 4.968596378415941484e-01, -1.339123880540860900e-01, 3.136110654986423163e-01, -1.796986774445562540e-01, 3.906459032985551971e-01, -3.319690933312958170e-01
-1.542668122430547739e-01, -2.724991576746834676e-01, 9.905263721533676124e-02, 1.734465204593466925e-01, -2.951123190151012654e-01, 4.531021156192515664e-01, 1.416296698181977454e-01, -1.827859394140088634e-01
2.913397182938307628e-01, -1.085537788798219411e-01, -3.310184520925544410e-02, 9.583804923167521528e-02, -5.337350637746463011e-01, 6.017461569587297110e-02, 4.887572152861386354e-01, -5.489318309820117037e-01
2.834683028248648484e-01, -6.766113527870311339e-02, -1.299868014709677222e-01, -1.259252768101942754e-01, 1.411418256646531366e-01, -1.521654885445883690e-02, 5.007808471689638719e-01, -2.574992008911402008e-01
1.744674487247126204e-01, -5.483390464687786237e-01, 3.481968051418895538e-01, 2.001422413268890421e-01, 2.924151471873950164e-02, 3.464234986445814402e-01, -8.677823857802759167e-02, -2.010539631722078613e-01
4.699479534745905629e-01, -2.688939903023827016e-01, 3.317349210278341953e-01, -5.109103344561586116e-03, 2.752857653181086106e-01, -1.402921070628801170e-01, -5.470813570643667106e-02, 1.950002427693167950e-01
-4.456073292558790366e-01, -1.988771510948307564e-01, -3.202112166902556512e-01, -1.475281348457126440e-01, 2.305479062948587454e-01, -8.301977144914610141e-02, -1.095968415350481173e-01, -5.567270164282833722e-01
-3.601524694181833589e-03, 0.000000000000000000e+00, 0.000000000000000000e+00, 0.000000000000000000e+00, 0.000000000000000000e+00, 0.000000000000000000e+00, 0.000000000000000000e+00, 0.000000000000000000e+00
